{"stats":{"minecraft:killed":{"minecraft:witch":1,"born_in_chaos_v1:zombie_lumberjack":1,"born_in_chaos_v1:skeleton_demoman":1,"minecraft:spider":1,"born_in_chaos_v1:zombie_clown_not_despawn":1,"born_in_chaos_v1:siamese_skeletonsright":1,"born_in_chaos_v1:maggot":8,"minecraft:skeleton":4,"luminousworld:treant":1,"gnumus:gnumus_hunter":1,"minecraft:zombie_villager":2,"born_in_chaos_v1:decrepit_skeleton":3,"gnumus:gnumus_merchant":1,"born_in_chaos_v1:bloody_gadfly":1,"minecraft:zombie":10,"born_in_chaos_v1:dread_hound":3,"born_in_chaos_v1:corpse_fly":1,"born_in_chaos_v1:dark_vortex":1,"born_in_chaos_v1:nightmare_stalker":1,"born_in_chaos_v1:siamese_skeletonsleft":1},"minecraft:picked_up":{"luminousworld:groundpebbles_1":2,"minecraft:crafting_table":7,"minecraft:sandstone_slab":2,"biomesoplenty:orange_autumn_sapling":1,"minecraft:chain":1,"minecraft:moss_carpet":1,"minecraft:raw_copper":7,"biomesoplenty:yellow_autumn_sapling":5,"minecraft:iron_leggings":1,"born_in_chaos_v1:intoxicating_decoction":1,"minecraft:armor_stand":1,"minecraft:sea_pickle":2,"minecraft:bucket":1,"minecraft:redstone_torch":2,"minecraft:cobblestone_slab":4,"minecraft:sugar_cane":14,"minecraft:furnace":1,"minecraft:stick":14,"minecraft:raw_iron":8,"minecraft:sandstone":3,"minecraft:torch":2,"born_in_chaos_v1:nightmare_claw":1,"gnumus:wrapper_with_goods":1,"minecraft:arrow":1,"minecraft:rotten_flesh":23,"minecraft:hay_block":14,"minecraft:sandstone_stairs":1,"luminousworld:far_lands":1,"minecraft:cobblestone":790,"born_in_chaos_v1:fused_bone":2,"minecraft:birch_log":7,"born_in_chaos_v1:corpse_maggot":3,"gnumus:gnumus_doubloons":3,"born_in_chaos_v1:monster_flesh":8,"gnumus:gnumus_pouch":1,"immersive_weathering:silt":2,"minecraft:oak_log":22,"minecraft:cobblestone_stairs":2,"minecraft:dirt":161,"minecraft:lantern":1,"born_in_chaos_v1:nightmare_stalker_skull":1,"born_in_chaos_v1:monster_skin":1,"minecraft:bone":9,"minecraft:apple":2,"gnumus:gnumus_horn":1,"minecraft:glass_bottle":3,"minecraft:oak_planks":4,"minecraft:emerald_block":6,"minecraft:spruce_log":2,"minecraft:dark_oak_log":5,"biomesoplenty:maple_sapling":4,"minecraft:writable_book":1,"minecraft:iron_helmet":1,"minecraft:oak_sapling":1,"minecraft:coal":29},"minecraft:mined":{"minecraft:cobblestone_stairs":2,"minecraft:jungle_leaves":2,"luminousworld:mossbuds_1":1,"biomesoplenty:bush":8,"luminousworld:mossbuds_2":1,"minecraft:grass_block":95,"minecraft:stripped_jungle_wood":1,"minecraft:jungle_log":5,"luminousworld:grassvariant_2":1,"minecraft:sandstone":3,"luminousworld:groundpebbles_3":1,"minecraft:sandstone_stairs":1,"minecraft:hay_block":14,"minecraft:tall_seagrass":1,"minecraft:furnace":1,"immersive_weathering:biomesoplenty/maple_leaf_pile":4,"minecraft:iron_ore":8,"luminousworld:mossbuds_3":1,"treechop:chopped_log":3,"minecraft:cobblestone_slab":4,"immersive_weathering:silt":1,"minecraft:stone":1006,"minecraft:sandstone_slab":2,"minecraft:crafting_table":7,"minecraft:torch":2,"minecraft:jungle_stairs":1,"immersive_weathering:grassy_silt":2,"minecraft:copper_ore":3,"minecraft:tall_grass":12,"minecraft:cobblestone":21,"biomesoplenty:sprout":1,"minecraft:sugar_cane":7,"minecraft:oak_planks":4,"minecraft:seagrass":2,"minecraft:redstone_torch":1,"minecraft:wheat":1,"minecraft:grass":22,"minecraft:coal_ore":19,"minecraft:oak_log":4,"minecraft:dirt":74,"minecraft:oak_leaves":6,"minecraft:emerald_block":6,"minecraft:fern":3},"minecraft:custom":{"minecraft:mob_kills":45,"minecraft:interact_with_crafting_table":26,"minecraft:open_barrel":72,"minecraft:leave_game":5,"minecraft:time_since_death":59686,"minecraft:climb_one_cm":12728,"minecraft:sprint_one_cm":279883,"minecraft:walk_one_cm":301493,"minecraft:damage_blocked_by_shield":335,"minecraft:drop":18,"minecraft:damage_dealt_absorbed":127,"minecraft:talked_to_villager":2,"minecraft:play_time":179432,"minecraft:deaths":2,"minecraft:sneak_time":8588,"minecraft:walk_under_water_one_cm":25893,"minecraft:interact_with_brewingstand":2,"minecraft:jump":2692,"minecraft:walk_on_water_one_cm":52735,"minecraft:total_world_time":179432,"minecraft:interact_with_furnace":4,"minecraft:interact_with_stonecutter":1,"minecraft:sleep_in_bed":1,"minecraft:time_since_rest":59710,"minecraft:damage_taken":2040,"minecraft:damage_dealt":10197,"minecraft:swim_one_cm":78499,"minecraft:fly_one_cm":523372,"minecraft:player_kills":1,"minecraft:open_chest":41,"minecraft:crouch_one_cm":24908,"minecraft:fall_one_cm":63080},"minecraft:used":{"minecraft:moss_carpet":1,"minecraft:writable_book":1,"minecraft:iron_shovel":106,"born_in_chaos_v1:intoxicating_decoction":3,"minecraft:spruce_planks":8,"minecraft:shield":10,"vanillaplustools:stone_hammer":98,"minecraft:torch":13,"minecraft:dirt":155,"minecraft:dark_oak_planks":19,"minecraft:wooden_axe":45,"moonsweaponry:iron_greatsword":109,"minecraft:furnace":2,"minecraft:golden_axe":7,"minecraft:water_bucket":96,"minecraft:cobblestone_stairs":2,"minecraft:sandstone_stairs":1,"minecraft:birch_planks":11,"minecraft:stone_pickaxe":131,"minecraft:oak_planks":59,"minecraft:wooden_pickaxe":16,"minecraft:birch_boat":1,"minecraft:sandstone":1,"minecraft:sugar_cane":14,"minecraft:cobblestone_slab":2,"minecraft:crafting_table":8,"minecraft:apple":2,"minecraft:bread":39,"minecraft:iron_pickaxe":107,"minecraft:stone_axe":84,"minecraft:cobblestone":32,"minecraft:bucket":97,"minecraft:chain":1,"quark:oak_chest":2},"minecraft:killed_by":{"born_in_chaos_v1:nightmare_stalker":1},"minecraft:broken":{"minecraft:stone_pickaxe":1,"minecraft:stone_axe":1,"minecraft:wooden_axe":1},"minecraft:crafted":{"minecraft:oak_planks":88,"vanillaplustools:stone_hammer":1,"minecraft:birch_boat":1,"minecraft:furnace":1,"minecraft:stone_pickaxe":10,"minecraft:dark_oak_planks":20,"minecraft:emerald":54,"minecraft:crafting_table":1,"minecraft:spruce_planks":8,"minecraft:wooden_pickaxe":1,"moonsweaponry:iron_greatsword":1,"minecraft:bucket":1,"minecraft:birch_planks":28,"minecraft:stone_axe":1,"minecraft:bread":2,"minecraft:air":0,"minecraft:stick":32,"quark:oak_chest":2,"minecraft:iron_pickaxe":1,"minecraft:iron_ingot":4,"minecraft:wooden_axe":1,"minecraft:iron_shovel":1,"minecraft:torch":56},"minecraft:dropped":{"born_in_chaos_v1:intoxicating_decoction":1,"minecraft:glass_bottle":4,"minecraft:sandstone_slab":2,"minecraft:cobblestone":1,"immersive_weathering:silt":2,"minecraft:dirt":6,"minecraft:writable_book":1,"minecraft:dark_oak_planks":1,"minecraft:bucket":1,"minecraft:armor_stand":1,"minecraft:rotten_flesh":2,"luminousworld:groundpebbles_1":1,"minecraft:redstone_torch":2,"minecraft:arrow":1}},"DataVersion":3465}