{"stats":{"minecraft:mined":{"minecraft:cobblestone_stairs":2,"luminousworld:mossbuds_1":1,"minecraft:crafting_table":7,"biomesoplenty:bush":2,"luminousworld:mossbuds_2":1,"minecraft:grass_block":2,"minecraft:cobblestone":21,"minecraft:tall_grass":2,"biomesoplenty:sprout":1,"minecraft:oak_planks":1,"minecraft:sugar_cane":6,"luminousworld:groundpebbles_3":1,"minecraft:hay_block":14,"minecraft:furnace":1,"minecraft:iron_ore":4,"immersive_weathering:biomesoplenty/maple_leaf_pile":4,"minecraft:wheat":1,"luminousworld:mossbuds_3":1,"treechop:chopped_log":3,"minecraft:grass":1,"minecraft:coal_ore":11,"minecraft:cobblestone_slab":4,"minecraft:dirt":7,"minecraft:stone":11,"minecraft:oak_leaves":6,"minecraft:emerald_block":6,"minecraft:fern":3},"minecraft:used":{"minecraft:moss_carpet":1,"minecraft:cobblestone_stairs":2,"minecraft:birch_planks":11,"minecraft:stone_pickaxe":46,"minecraft:oak_planks":55,"born_in_chaos_v1:intoxicating_decoction":3,"minecraft:spruce_planks":8,"minecraft:birch_boat":1,"minecraft:wooden_pickaxe":11,"minecraft:cobblestone_slab":2,"minecraft:dirt":8,"minecraft:crafting_table":7,"minecraft:wooden_axe":45,"minecraft:dark_oak_planks":19,"minecraft:apple":2,"minecraft:bread":14,"minecraft:iron_pickaxe":6,"minecraft:stone_axe":52,"minecraft:cobblestone":17,"minecraft:furnace":1,"minecraft:chain":1},"minecraft:killed":{"born_in_chaos_v1:zombie_lumberjack":1,"born_in_chaos_v1:zombie_clown_not_despawn":1,"born_in_chaos_v1:decrepit_skeleton":1,"born_in_chaos_v1:maggot":2,"gnumus:gnumus_merchant":1,"minecraft:zombie":2,"born_in_chaos_v1:dread_hound":2,"luminousworld:treant":1,"born_in_chaos_v1:corpse_fly":1,"born_in_chaos_v1:dark_vortex":1},"minecraft:picked_up":{"minecraft:birch_log":7,"luminousworld:groundpebbles_1":1,"born_in_chaos_v1:corpse_maggot":1,"minecraft:crafting_table":7,"gnumus:gnumus_doubloons":3,"born_in_chaos_v1:monster_flesh":1,"biomesoplenty:orange_autumn_sapling":1,"minecraft:oak_log":18,"minecraft:chain":1,"minecraft:cobblestone_stairs":2,"minecraft:dirt":8,"minecraft:moss_carpet":1,"minecraft:lantern":1,"biomesoplenty:yellow_autumn_sapling":5,"minecraft:iron_leggings":1,"born_in_chaos_v1:monster_skin":1,"born_in_chaos_v1:intoxicating_decoction":1,"minecraft:armor_stand":1,"minecraft:bone":2,"minecraft:apple":2,"minecraft:sea_pickle":2,"minecraft:redstone_torch":1,"minecraft:cobblestone_slab":4,"minecraft:glass_bottle":3,"minecraft:sugar_cane":13,"minecraft:oak_planks":1,"minecraft:furnace":1,"minecraft:stick":14,"minecraft:raw_iron":4,"minecraft:emerald_block":6,"minecraft:spruce_log":2,"minecraft:dark_oak_log":5,"gnumus:wrapper_with_goods":1,"biomesoplenty:maple_sapling":4,"minecraft:rotten_flesh":10,"minecraft:iron_helmet":1,"minecraft:hay_block":14,"luminousworld:far_lands":1,"minecraft:oak_sapling":1,"minecraft:coal":21,"minecraft:cobblestone":31},"minecraft:custom":{"minecraft:interact_with_furnace":3,"minecraft:mob_kills":13,"minecraft:interact_with_crafting_table":8,"minecraft:open_barrel":64,"minecraft:time_since_death":92857,"minecraft:leave_game":2,"minecraft:sleep_in_bed":1,"minecraft:climb_one_cm":3190,"minecraft:time_since_rest":3708,"minecraft:sprint_one_cm":140005,"minecraft:damage_taken":919,"minecraft:walk_one_cm":141730,"minecraft:drop":9,"minecraft:damage_dealt":3541,"minecraft:talked_to_villager":2,"minecraft:swim_one_cm":56509,"minecraft:player_kills":1,"minecraft:fly_one_cm":228456,"minecraft:open_chest":16,"minecraft:crouch_one_cm":10287,"minecraft:play_time":96006,"minecraft:deaths":1,"minecraft:sneak_time":4026,"minecraft:walk_under_water_one_cm":6491,"minecraft:interact_with_brewingstand":2,"minecraft:jump":1352,"minecraft:walk_on_water_one_cm":20275,"minecraft:total_world_time":96006,"minecraft:fall_one_cm":35817},"minecraft:dropped":{"born_in_chaos_v1:intoxicating_decoction":1,"minecraft:glass_bottle":4,"minecraft:rotten_flesh":2,"luminousworld:groundpebbles_1":1,"minecraft:redstone_torch":1,"minecraft:dark_oak_planks":1,"minecraft:armor_stand":1},"minecraft:broken":{"minecraft:wooden_axe":1},"minecraft:crafted":{"minecraft:oak_planks":72,"minecraft:emerald":54,"minecraft:crafting_table":1,"minecraft:spruce_planks":8,"minecraft:birch_boat":1,"minecraft:wooden_pickaxe":1,"minecraft:furnace":1,"minecraft:birch_planks":28,"minecraft:stone_axe":1,"minecraft:bread":2,"minecraft:air":0,"minecraft:stick":4,"minecraft:iron_ingot":4,"minecraft:iron_pickaxe":1,"minecraft:stone_pickaxe":1,"minecraft:wooden_axe":1,"minecraft:dark_oak_planks":20}},"DataVersion":3465}