{"stats":{"minecraft:killed":{"born_in_chaos_v1:zombie_lumberjack":1,"born_in_chaos_v1:zombie_clown_not_despawn":1,"born_in_chaos_v1:maggot":2,"gnumus:gnumus_merchant":1,"minecraft:zombie":2,"born_in_chaos_v1:dread_hound":2,"luminousworld:treant":1},"minecraft:picked_up":{"minecraft:birch_log":7,"born_in_chaos_v1:corpse_maggot":1,"minecraft:crafting_table":5,"gnumus:gnumus_doubloons":3,"born_in_chaos_v1:monster_flesh":1,"biomesoplenty:orange_autumn_sapling":1,"minecraft:oak_log":18,"minecraft:cobblestone_stairs":2,"minecraft:dirt":8,"minecraft:lantern":1,"minecraft:moss_carpet":1,"biomesoplenty:yellow_autumn_sapling":5,"born_in_chaos_v1:monster_skin":1,"born_in_chaos_v1:intoxicating_decoction":1,"minecraft:apple":2,"minecraft:sea_pickle":2,"minecraft:cobblestone_slab":4,"minecraft:glass_bottle":3,"minecraft:sugar_cane":13,"minecraft:furnace":1,"minecraft:stick":14,"minecraft:raw_iron":4,"minecraft:emerald_block":6,"minecraft:spruce_log":2,"minecraft:dark_oak_log":5,"gnumus:wrapper_with_goods":1,"biomesoplenty:maple_sapling":4,"minecraft:rotten_flesh":8,"minecraft:hay_block":9,"luminousworld:far_lands":1,"minecraft:coal":21,"minecraft:cobblestone":31},"minecraft:mined":{"minecraft:cobblestone_stairs":2,"luminousworld:mossbuds_1":1,"minecraft:crafting_table":5,"luminousworld:mossbuds_2":1,"minecraft:grass_block":2,"minecraft:tall_grass":1,"minecraft:cobblestone":21,"biomesoplenty:sprout":1,"minecraft:sugar_cane":6,"minecraft:hay_block":9,"minecraft:furnace":1,"minecraft:iron_ore":4,"immersive_weathering:biomesoplenty/maple_leaf_pile":4,"luminousworld:mossbuds_3":1,"treechop:chopped_log":3,"minecraft:coal_ore":11,"minecraft:cobblestone_slab":4,"minecraft:dirt":7,"minecraft:stone":11,"minecraft:emerald_block":6,"minecraft:fern":2},"minecraft:custom":{"minecraft:interact_with_furnace":3,"minecraft:mob_kills":10,"minecraft:interact_with_crafting_table":6,"minecraft:open_barrel":31,"minecraft:time_since_death":27171,"minecraft:climb_one_cm":3190,"minecraft:time_since_rest":27201,"minecraft:sprint_one_cm":60407,"minecraft:damage_taken":570,"minecraft:walk_one_cm":52460,"minecraft:drop":5,"minecraft:damage_dealt":2603,"minecraft:swim_one_cm":55302,"minecraft:fly_one_cm":81769,"minecraft:open_chest":5,"minecraft:crouch_one_cm":5097,"minecraft:play_time":30320,"minecraft:deaths":1,"minecraft:sneak_time":2662,"minecraft:walk_under_water_one_cm":3221,"minecraft:jump":585,"minecraft:walk_on_water_one_cm":17807,"minecraft:total_world_time":30320,"minecraft:fall_one_cm":17292},"minecraft:used":{"minecraft:moss_carpet":1,"minecraft:cobblestone_stairs":2,"minecraft:stone_pickaxe":46,"born_in_chaos_v1:intoxicating_decoction":3,"minecraft:spruce_planks":6,"minecraft:wooden_pickaxe":11,"minecraft:cobblestone_slab":2,"minecraft:dirt":8,"minecraft:crafting_table":5,"minecraft:wooden_axe":45,"minecraft:apple":2,"minecraft:bread":4,"minecraft:iron_pickaxe":6,"minecraft:stone_axe":27,"minecraft:cobblestone":17,"minecraft:furnace":1},"minecraft:broken":{"minecraft:wooden_axe":1},"minecraft:crafted":{"minecraft:crafting_table":1,"minecraft:spruce_planks":8,"minecraft:wooden_pickaxe":1,"minecraft:furnace":1,"minecraft:birch_planks":28,"minecraft:stone_axe":1,"minecraft:bread":2,"minecraft:air":0,"minecraft:stick":4,"minecraft:iron_ingot":4,"minecraft:iron_pickaxe":1,"minecraft:stone_pickaxe":1,"minecraft:wooden_axe":1},"minecraft:dropped":{"born_in_chaos_v1:intoxicating_decoction":1,"minecraft:glass_bottle":4,"minecraft:rotten_flesh":2}},"DataVersion":3465}