{"stats":{"minecraft:used":{"minecraft:wooden_axe":4,"minecraft:dirt":17,"minecraft:crafting_table":1},"minecraft:picked_up":{"minecraft:tropical_fish_bucket":2,"born_in_chaos_v1:corpse_maggot":1,"minecraft:stick":2,"minecraft:milk_bucket":1,"minecraft:pumpkin":4,"minecraft:dandelion":16,"biomesoplenty:orange_autumn_sapling":6,"minecraft:dark_oak_log":7,"minecraft:dark_oak_planks":28,"minecraft:dirt":19,"minecraft:paper":3,"minecraft:rotten_flesh":2,"minecraft:slime_ball":3,"minecraft:blue_ice":11,"minecraft:emerald":3},"minecraft:mined":{"minecraft:dark_oak_log":2,"minecraft:pumpkin":1,"treechop:chopped_log":1,"minecraft:grass":5,"minecraft:dirt":2,"biomesoplenty:sprout":3},"minecraft:custom":{"minecraft:time_since_rest":8074,"minecraft:sprint_one_cm":18707,"minecraft:damage_taken":360,"minecraft:walk_one_cm":20516,"minecraft:mob_kills":3,"minecraft:damage_dealt":179,"minecraft:interact_with_crafting_table":1,"minecraft:fly_one_cm":13456,"minecraft:open_barrel":8,"minecraft:play_time":13209,"minecraft:deaths":1,"minecraft:sneak_time":127,"minecraft:jump":94,"minecraft:leave_game":2,"minecraft:time_since_death":8021,"minecraft:total_world_time":13209,"minecraft:fall_one_cm":3066},"minecraft:killed_by":{"born_in_chaos_v1:zombie_bruiser":1},"minecraft:crafted":{"minecraft:wooden_sword":1,"minecraft:crafting_table":1,"minecraft:stick":4,"minecraft:wooden_pickaxe":1,"minecraft:wooden_axe":1,"minecraft:dark_oak_planks":28},"minecraft:killed":{"born_in_chaos_v1:maggot":1}},"DataVersion":3465}