{"stats":{"minecraft:used":{"minecraft:dirt":17},"minecraft:picked_up":{"minecraft:stick":1,"minecraft:pumpkin":2,"biomesoplenty:orange_autumn_sapling":3,"minecraft:dark_oak_log":7,"minecraft:dirt":18},"minecraft:mined":{"minecraft:grass":1,"minecraft:dirt":2,"minecraft:dark_oak_log":2,"minecraft:pumpkin":1,"treechop:chopped_log":1},"minecraft:custom":{"minecraft:open_barrel":8,"minecraft:time_since_rest":5070,"minecraft:play_time":5070,"minecraft:sprint_one_cm":13377,"minecraft:damage_taken":225,"minecraft:walk_one_cm":16263,"minecraft:sneak_time":68,"minecraft:jump":69,"minecraft:damage_dealt":85,"minecraft:leave_game":1,"minecraft:time_since_death":5070,"minecraft:total_world_time":5070,"minecraft:fall_one_cm":2172,"minecraft:fly_one_cm":7807},"minecraft:crafted":{"minecraft:dark_oak_planks":28}},"DataVersion":3465}