{"stats":{"minecraft:killed":{"minecraft:cave_spider":2,"minecraft:witch":1,"born_in_chaos_v1:zombie_lumberjack":1,"minecraft:spider":4,"born_in_chaos_v1:siamese_skeletonsright":1,"born_in_chaos_v1:zombie_bruiser":1,"born_in_chaos_v1:baby_skeleton_minion":1,"born_in_chaos_v1:maggot":2,"born_in_chaos_v1:scarlet_persecutor":2,"minecraft:skeleton":6,"minecraft:wolf":1,"born_in_chaos_v1:bonescaller":1,"born_in_chaos_v1:decrepit_skeleton":3,"minecraft:zombie":12,"born_in_chaos_v1:dread_hound":3,"born_in_chaos_v1:corpse_fly":2,"alexsmobs:fly":1,"born_in_chaos_v1:siamese_skeletonsleft":1},"minecraft:picked_up":{"minecraft:wooden_axe":1,"luminousworld:groundpebbles_1":4,"minecraft:crafting_table":3,"minecraft:black_carpet":2,"minecraft:allium":3,"minecraft:ladder":4,"quark:hollow_spruce_log":4,"minecraft:wooden_pickaxe":1,"biomesoplenty:orange_autumn_sapling":9,"bakery:strawberry_seeds":2,"minecraft:stone_brick_stairs":1,"minecraft:string":62,"minecraft:raw_copper":15,"minecraft:wooden_sword":1,"minecraft:oak_sign":2,"minecraft:lectern":2,"minecraft:sugar_cane":9,"minecraft:chest":2,"minecraft:furnace":1,"minecraft:dark_oak_sapling":8,"minecraft:stick":5,"minecraft:raw_iron":10,"minecraft:cookie":1,"minecraft:redstone":35,"minecraft:stone_pressure_plate":2,"minecraft:dark_oak_planks":42,"minecraft:arrow":13,"minecraft:rotten_flesh":14,"minecraft:hay_block":25,"minecraft:carved_pumpkin":3,"minecraft:end_rod":1,"minecraft:gold_ingot":5,"minecraft:cobblestone":18,"born_in_chaos_v1:fused_bone":2,"born_in_chaos_v1:staffof_magic_arrows":1,"born_in_chaos_v1:corpse_maggot":2,"born_in_chaos_v1:monster_flesh":2,"minecraft:golden_carrot":1,"minecraft:iron_door":2,"born_in_chaos_v1:spiritual_dust":3,"minecraft:wither_skeleton_skull":1,"minecraft:lapis_lazuli":62,"minecraft:dirt":52,"minecraft:paper":6,"minecraft:lantern":2,"minecraft:bone":24,"minecraft:gray_carpet":1,"minecraft:wheat_seeds":13,"minecraft:raw_gold":9,"minecraft:iron_ingot":1,"minecraft:mossy_stone_bricks":1,"minecraft:bamboo":3,"minecraft:book":96,"minecraft:tropical_fish_bucket":4,"bakery:strawberry":4,"minecraft:milk_bucket":2,"minecraft:pumpkin":7,"born_in_chaos_v1:ethereal_spirit":1,"minecraft:dandelion":32,"minecraft:stripped_spruce_log":60,"minecraft:white_bed":1,"minecraft:spruce_log":3,"minecraft:dark_oak_log":7,"minecraft:spider_eye":3,"minecraft:slime_ball":6,"minecraft:writable_book":2,"minecraft:blue_ice":22,"minecraft:diamond_axe":1,"minecraft:emerald":8,"minecraft:jack_o_lantern":1,"alexsmobs:maggot":2,"minecraft:coal":65},"minecraft:custom":{"minecraft:mob_kills":48,"minecraft:interact_with_crafting_table":10,"minecraft:open_barrel":46,"minecraft:damage_dealt_resisted":449,"minecraft:leave_game":3,"minecraft:time_since_death":246,"minecraft:climb_one_cm":3236,"minecraft:sprint_one_cm":297102,"minecraft:walk_one_cm":346021,"minecraft:drop":16,"minecraft:talked_to_villager":1,"minecraft:play_time":106950,"minecraft:deaths":12,"minecraft:sneak_time":363,"minecraft:walk_under_water_one_cm":233,"minecraft:jump":1230,"minecraft:interact_with_blast_furnace":1,"minecraft:walk_on_water_one_cm":3663,"minecraft:total_world_time":106950,"minecraft:interact_with_furnace":6,"minecraft:interact_with_stonecutter":1,"minecraft:sleep_in_bed":2,"minecraft:time_since_rest":271,"minecraft:damage_taken":3581,"minecraft:damage_dealt":8766,"minecraft:fly_one_cm":199607,"minecraft:open_chest":59,"minecraft:crouch_one_cm":160,"minecraft:interact_with_smoker":1,"minecraft:fall_one_cm":42399},"minecraft:mined":{"biomesoplenty:orange_autumn_leaves":4,"minecraft:stone_pressure_plate":2,"minecraft:white_bed":1,"minecraft:dark_oak_log":2,"minecraft:jack_o_lantern":1,"luminousworld:mossbuds_1":3,"minecraft:carved_pumpkin":2,"minecraft:ladder":4,"luminousworld:mossbuds_2":1,"minecraft:grass_block":5,"minecraft:spruce_leaves":3,"minecraft:spawner":5,"minecraft:hay_block":26,"minecraft:furnace":1,"minecraft:iron_ore":4,"luminousworld:mossbuds_3":3,"treechop:chopped_log":2,"minecraft:pumpkin":2,"minecraft:black_carpet":1,"minecraft:deepslate_lapis_ore":10,"minecraft:bookshelf":32,"supplementaries:stick":3,"minecraft:dirt_path":2,"biomesoplenty:high_grass":21,"minecraft:deepslate_iron_ore":6,"minecraft:stone":19,"minecraft:deepslate_redstone_ore":8,"minecraft:glass_pane":2,"luminousworld:blueberrybush":1,"minecraft:crafting_table":3,"minecraft:chest":2,"minecraft:lectern":2,"biomesoplenty:high_grass_plant":34,"minecraft:deepslate_coal_ore":15,"biomesoplenty:sprout":14,"minecraft:deepslate_gold_ore":9,"minecraft:iron_door":2,"minecraft:deepslate_copper_ore":6,"minecraft:seagrass":3,"minecraft:spruce_log":3,"minecraft:stone_brick_stairs":1,"minecraft:grass":47,"minecraft:coal_ore":25,"minecraft:end_rod":1,"minecraft:dirt":11,"minecraft:cobweb":58,"minecraft:wither_skeleton_skull":1,"minecraft:mossy_stone_bricks":1,"minecraft:deepslate_emerald_ore":2,"quark:hollow_spruce_log":4,"minecraft:fern":5},"minecraft:used":{"minecraft:stone_sword":167,"born_in_chaos_v1:ethereal_spirit":2,"minecraft:ladder":4,"minecraft:black_carpet":2,"minecraft:spruce_planks":1,"minecraft:iron_sword":155,"minecraft:rotten_flesh":2,"minecraft:stick":4,"minecraft:dirt":49,"minecraft:milk_bucket":1,"minecraft:stripped_spruce_log":5,"born_in_chaos_v1:corpse_maggot":2,"minecraft:wooden_axe":32,"alexsmobs:maggot":2,"beachparty:palm_planks":4,"minecraft:stone_brick_stairs":1,"minecraft:golden_carrot":1,"minecraft:furnace":1,"minecraft:stone_pressure_plate":1,"minecraft:potato":9,"minecraft:water_bucket":3,"minecraft:end_rod":1,"minecraft:stone_pickaxe":47,"minecraft:wooden_pickaxe":5,"luminousworld:groundpebbles_1":1,"minecraft:diamond_axe":68,"minecraft:cookie":1,"minecraft:crafting_table":5,"bakery:strawberry":4,"minecraft:white_bed":1,"minecraft:apple":5,"minecraft:bread":3,"minecraft:iron_pickaxe":72,"minecraft:stone_axe":57,"minecraft:wooden_sword":60,"minecraft:bucket":5,"minecraft:tropical_fish_bucket":1},"minecraft:killed_by":{"born_in_chaos_v1:siamese_skeletonsright":1,"born_in_chaos_v1:zombie_bruiser":2,"born_in_chaos_v1:corpse_fly":2,"minecraft:cave_spider":2,"minecraft:zombie":2,"born_in_chaos_v1:scarlet_persecutor":2},"minecraft:broken":{"minecraft:stone_sword":1,"minecraft:wooden_sword":1,"minecraft:wooden_axe":1},"minecraft:dropped":{"minecraft:wheat_seeds":8,"minecraft:apple":3,"born_in_chaos_v1:monster_flesh":1,"minecraft:string":6,"minecraft:tropical_fish_bucket":1,"minecraft:gold_ingot":5,"born_in_chaos_v1:smoked_flesh":3,"minecraft:allium":3,"luminousworld:groundpebbles_1":1,"minecraft:blue_ice":6,"minecraft:carved_pumpkin":1},"minecraft:crafted":{"minecraft:wooden_sword":1,"minecraft:furnace":1,"minecraft:stone_pickaxe":1,"minecraft:dark_oak_planks":28,"beachparty:palm_planks":4,"sophisticatedbackpacks:backpack":1,"minecraft:crafting_table":3,"minecraft:spruce_planks":16,"minecraft:wooden_pickaxe":1,"minecraft:iron_sword":1,"minecraft:stone_axe":1,"minecraft:air":0,"minecraft:stick":20,"minecraft:iron_ingot":4,"minecraft:iron_pickaxe":1,"minecraft:wooden_axe":1,"minecraft:stone_sword":1}},"DataVersion":3465}