{"stats":{"minecraft:mined":{"biomesoplenty:orange_autumn_leaves":4,"minecraft:stone_pressure_plate":2,"minecraft:white_bed":2,"minecraft:mossy_cobblestone":5,"minecraft:dark_oak_log":2,"minecraft:jack_o_lantern":1,"luminousworld:mossbuds_1":3,"minecraft:carved_pumpkin":2,"minecraft:ladder":4,"biomesoplenty:bush":2,"luminousworld:mossbuds_2":1,"minecraft:grass_block":7,"minecraft:spruce_leaves":3,"minecraft:spawner":8,"minecraft:hay_block":38,"minecraft:furnace":1,"minecraft:iron_ore":11,"treechop:chopped_log":3,"minecraft:pumpkin":2,"luminousworld:mossbuds_3":3,"minecraft:black_carpet":1,"minecraft:deepslate_lapis_ore":10,"minecraft:bookshelf":42,"supplementaries:stick":3,"minecraft:dirt_path":2,"biomesoplenty:high_grass":21,"minecraft:deepslate_iron_ore":6,"minecraft:vine":4,"minecraft:iron_bars":7,"minecraft:stone":32,"minecraft:smithing_table":3,"minecraft:deepslate_redstone_ore":8,"minecraft:glass_pane":2,"luminousworld:blueberrybush":1,"minecraft:crafting_table":3,"minecraft:chest":2,"minecraft:lectern":6,"biomesoplenty:high_grass_plant":34,"minecraft:copper_ore":5,"minecraft:tall_grass":6,"minecraft:deepslate_coal_ore":15,"biomesoplenty:sprout":14,"minecraft:deepslate_gold_ore":9,"minecraft:iron_door":4,"minecraft:deepslate_copper_ore":6,"minecraft:seagrass":3,"minecraft:spruce_stairs":1,"minecraft:spruce_log":3,"minecraft:stone_brick_stairs":1,"minecraft:grass":67,"minecraft:coal_ore":32,"minecraft:end_rod":1,"minecraft:dirt":11,"luminousworld:grassvariant_3":1,"minecraft:cobweb":58,"minecraft:wither_skeleton_skull":1,"minecraft:mossy_stone_bricks":1,"minecraft:oak_leaves":9,"minecraft:deepslate_emerald_ore":2,"quark:hollow_spruce_log":4,"minecraft:fern":7},"minecraft:used":{"minecraft:beetroot":2,"minecraft:stone_sword":167,"born_in_chaos_v1:ethereal_spirit":2,"minecraft:ladder":4,"minecraft:black_carpet":2,"minecraft:spruce_planks":1,"minecraft:shield":3,"minecraft:iron_sword":213,"minecraft:rotten_flesh":2,"minecraft:stick":4,"minecraft:torch":14,"minecraft:dirt":49,"minecraft:carrot":8,"minecraft:milk_bucket":1,"minecraft:stripped_spruce_log":5,"born_in_chaos_v1:corpse_maggot":2,"minecraft:wooden_axe":32,"alexsmobs:maggot":2,"beachparty:palm_planks":4,"minecraft:stone_brick_stairs":1,"minecraft:golden_carrot":1,"minecraft:furnace":1,"minecraft:stone_pressure_plate":1,"minecraft:potato":11,"minecraft:water_bucket":13,"minecraft:end_rod":1,"minecraft:stone_pickaxe":47,"minecraft:oak_planks":1,"minecraft:wooden_pickaxe":5,"luminousworld:groundpebbles_1":1,"minecraft:diamond_axe":116,"minecraft:cookie":1,"anthropology_items__structures:hunters_machete":105,"farmersdelight:onion":5,"minecraft:crafting_table":5,"bakery:strawberry":4,"minecraft:white_bed":1,"minecraft:apple":13,"minecraft:bread":4,"minecraft:iron_pickaxe":126,"born_in_chaos_v1:staffof_magic_arrows":4,"minecraft:lectern":5,"minecraft:stone_axe":57,"minecraft:wooden_sword":60,"minecraft:smithing_table":2,"minecraft:bucket":15,"minecraft:tropical_fish_bucket":1},"minecraft:killed":{"minecraft:cave_spider":3,"minecraft:witch":1,"born_in_chaos_v1:zombie_lumberjack":1,"minecraft:spider":8,"born_in_chaos_v1:siamese_skeletonsright":1,"born_in_chaos_v1:zombie_bruiser":1,"born_in_chaos_v1:baby_skeleton_minion":5,"born_in_chaos_v1:maggot":4,"born_in_chaos_v1:scarlet_persecutor":2,"minecraft:skeleton":14,"luminousworld:treant":1,"minecraft:wolf":1,"born_in_chaos_v1:bonescaller":2,"born_in_chaos_v1:baby_skeleton":1,"minecraft:creeper":2,"born_in_chaos_v1:decrepit_skeleton":3,"minecraft:zombie":18,"born_in_chaos_v1:dread_hound":3,"born_in_chaos_v1:corpse_fly":2,"alexsmobs:fly":1,"born_in_chaos_v1:siamese_skeletonsleft":1},"minecraft:picked_up":{"minecraft:wooden_axe":1,"luminousworld:groundpebbles_1":4,"minecraft:black_carpet":2,"minecraft:crafting_table":3,"minecraft:allium":3,"minecraft:ladder":4,"quark:hollow_spruce_log":4,"born_in_chaos_v1:seedof_chaos":2,"minecraft:leather_leggings":1,"minecraft:smithing_table":3,"minecraft:wooden_pickaxe":1,"biomesoplenty:orange_autumn_sapling":9,"bakery:strawberry_seeds":2,"minecraft:stone_brick_stairs":1,"minecraft:string":65,"minecraft:raw_copper":30,"minecraft:wooden_sword":1,"minecraft:oak_sign":2,"minecraft:lectern":6,"minecraft:sugar_cane":9,"minecraft:chest":2,"minecraft:furnace":1,"minecraft:dark_oak_sapling":8,"minecraft:stick":5,"minecraft:raw_iron":17,"born_in_chaos_v1:shattered_skull":1,"minecraft:torch":17,"minecraft:cookie":1,"minecraft:redstone":35,"minecraft:stone_pressure_plate":2,"minecraft:dark_oak_planks":42,"minecraft:arrow":29,"minecraft:rotten_flesh":19,"minecraft:hay_block":37,"minecraft:carved_pumpkin":3,"minecraft:end_rod":1,"minecraft:gold_ingot":5,"minecraft:iron_bars":6,"minecraft:cobblestone":28,"born_in_chaos_v1:fused_bone":3,"born_in_chaos_v1:staffof_magic_arrows":1,"born_in_chaos_v1:corpse_maggot":3,"minecraft:leather_chestplate":1,"minecraft:golden_carrot":1,"born_in_chaos_v1:monster_flesh":2,"minecraft:iron_door":4,"born_in_chaos_v1:spiritual_dust":3,"minecraft:oak_log":4,"luminousworld:tree_ant_trophy":1,"minecraft:gunpowder":2,"minecraft:wither_skeleton_skull":1,"minecraft:lapis_lazuli":62,"minecraft:dirt":54,"minecraft:paper":6,"minecraft:lantern":2,"minecraft:leather_boots":1,"minecraft:bone":45,"minecraft:gray_carpet":1,"minecraft:wheat_seeds":14,"minecraft:raw_gold":9,"minecraft:iron_ingot":2,"minecraft:mossy_stone_bricks":1,"minecraft:bamboo":3,"minecraft:book":132,"minecraft:tropical_fish_bucket":4,"bakery:strawberry":4,"minecraft:milk_bucket":2,"minecraft:pumpkin":7,"born_in_chaos_v1:ethereal_spirit":1,"minecraft:dandelion":32,"minecraft:stripped_spruce_log":60,"minecraft:white_bed":2,"minecraft:spruce_log":3,"minecraft:dark_oak_log":7,"minecraft:spider_eye":6,"minecraft:mossy_cobblestone":1,"minecraft:slime_ball":6,"minecraft:writable_book":2,"minecraft:blue_ice":22,"minecraft:diamond_axe":1,"minecraft:emerald":8,"alexsmobs:maggot":2,"minecraft:jack_o_lantern":1,"minecraft:oak_sapling":5,"minecraft:coal":72},"minecraft:killed_by":{"born_in_chaos_v1:siamese_skeletonsright":1,"born_in_chaos_v1:nightmare_stalker":1,"born_in_chaos_v1:zombie_bruiser":2,"born_in_chaos_v1:corpse_fly":2,"alexsmobs:crocodile":1,"minecraft:cave_spider":2,"minecraft:skeleton":1,"minecraft:zombie":3,"alexsmobs:grizzly_bear":1,"born_in_chaos_v1:scarlet_persecutor":2,"born_in_chaos_v1:maggot":1},"minecraft:custom":{"minecraft:mob_kills":78,"minecraft:interact_with_crafting_table":18,"minecraft:open_barrel":54,"minecraft:damage_dealt_resisted":575,"minecraft:eat_cake_slice":2,"minecraft:leave_game":5,"minecraft:time_since_death":1782,"minecraft:climb_one_cm":4279,"minecraft:sprint_one_cm":504804,"minecraft:walk_one_cm":525931,"minecraft:damage_blocked_by_shield":45,"minecraft:drop":25,"minecraft:talked_to_villager":9,"minecraft:play_time":186811,"minecraft:deaths":19,"minecraft:sneak_time":414,"minecraft:walk_under_water_one_cm":12884,"minecraft:jump":2196,"minecraft:interact_with_blast_furnace":1,"minecraft:walk_on_water_one_cm":11884,"minecraft:total_world_time":186811,"minecraft:interact_with_furnace":6,"minecraft:interact_with_stonecutter":1,"minecraft:sleep_in_bed":3,"minecraft:time_since_rest":1816,"minecraft:waystone_activated":1,"minecraft:damage_taken":6034,"minecraft:damage_dealt":15185,"minecraft:fly_one_cm":390375,"minecraft:swim_one_cm":12363,"minecraft:open_chest":89,"minecraft:crouch_one_cm":186,"minecraft:interact_with_smoker":1,"minecraft:fall_one_cm":75006},"minecraft:dropped":{"minecraft:iron_ingot":2,"minecraft:wheat_seeds":8,"minecraft:book":6,"minecraft:leather":2,"minecraft:apple":3,"born_in_chaos_v1:monster_flesh":1,"minecraft:torch":23,"minecraft:string":6,"minecraft:gold_ingot":12,"minecraft:tropical_fish_bucket":1,"minecraft:redstone":31,"born_in_chaos_v1:smoked_flesh":3,"minecraft:leather_chestplate":1,"minecraft:allium":3,"luminousworld:groundpebbles_1":1,"minecraft:blue_ice":6,"born_in_chaos_v1:corpse_maggot":1,"minecraft:carved_pumpkin":1,"minecraft:leather_leggings":1},"minecraft:broken":{"minecraft:stone_sword":1,"minecraft:leather_boots":1,"minecraft:wooden_sword":1,"minecraft:iron_sword":1,"minecraft:wooden_axe":1,"minecraft:leather_helmet":1},"minecraft:crafted":{"minecraft:wooden_sword":1,"minecraft:oak_planks":8,"minecraft:furnace":1,"minecraft:piston":1,"minecraft:stone_pickaxe":1,"minecraft:dark_oak_planks":28,"beachparty:palm_planks":4,"sophisticatedbackpacks:iron_backpack":1,"sophisticatedbackpacks:backpack":1,"minecraft:crafting_table":3,"minecraft:spruce_planks":16,"minecraft:wooden_pickaxe":1,"minecraft:iron_sword":1,"minecraft:sticky_piston":1,"minecraft:stone_axe":1,"sophisticatedbackpacks:upgrade_base":1,"minecraft:air":0,"sophisticatedbackpacks:pickup_upgrade":1,"minecraft:stick":20,"minecraft:iron_ingot":4,"minecraft:iron_pickaxe":1,"minecraft:wooden_axe":1,"minecraft:stone_sword":1}},"DataVersion":3465}