{"stats":{"minecraft:killed":{"minecraft:cave_spider":3,"minecraft:witch":1,"born_in_chaos_v1:zombie_lumberjack":2,"born_in_chaos_v1:restless_spirit":1,"minecraft:spider":10,"born_in_chaos_v1:siamese_skeletonsright":1,"born_in_chaos_v1:baby_skeleton_minion":5,"born_in_chaos_v1:scarlet_persecutor":2,"minecraft:skeleton":15,"born_in_chaos_v1:skeleton_thrasher":1,"minecraft:piglin_brute":3,"born_in_chaos_v1:firelight_not_despawn":1,"minecraft:wolf":1,"born_in_chaos_v1:bonescaller":2,"born_in_chaos_v1:diamond_termite":10,"minecraft:creeper":3,"minecraft:zombie":24,"born_in_chaos_v1:dread_hound":3,"born_in_chaos_v1:corpse_fly":2,"alexsmobs:fly":1,"minecraft:glow_squid":4,"born_in_chaos_v1:door_knight":1,"born_in_chaos_v1:siamese_skeletonsleft":1,"minecraft:cow":2,"minecraft:evoker":1,"born_in_chaos_v1:zombie_bruiser":2,"born_in_chaos_v1:maggot":6,"luminousworld:treant":1,"minecraft:husk":1,"alexsmobs:guster":1,"born_in_chaos_v1:baby_skeleton":2,"takesapillage:skirmisher":1,"born_in_chaos_v1:decrepit_skeleton":3},"minecraft:picked_up":{"minecraft:wooden_axe":1,"minecraft:black_carpet":2,"quark:hollow_spruce_log":4,"minecraft:smithing_table":3,"biomesoplenty:orange_autumn_sapling":9,"minecraft:enchanted_book":2,"bakery:strawberry_seeds":2,"minecraft:stone_brick_stairs":1,"minecraft:string":67,"minecraft:raw_copper":30,"minecraft:oak_sign":2,"minecraft:bucket":1,"minecraft:rose_bush":1,"minecraft:furnace":6,"minecraft:stick":70,"artifacts:universal_attractor":1,"born_in_chaos_v1:shattered_skull":2,"minecraft:torch":24,"minecraft:green_bed":1,"minecraft:rotten_flesh":61,"minecraft:carved_pumpkin":3,"gnumus:gnumus_chickpeas":1,"minecraft:end_rod":1,"supplementaries:ash":2,"minecraft:obsidian":4,"minecraft:iron_bars":14,"minecraft:cobblestone":48,"born_in_chaos_v1:staffof_magic_arrows":1,"minecraft:leather_chestplate":1,"minecraft:iron_door":4,"born_in_chaos_v1:spiritual_dust":3,"biomesoplenty:dried_salt":13,"biomesoplenty:dead_log":7,"minecraft:wither_skeleton_skull":1,"minecraft:lapis_lazuli":62,"minecraft:dirt":79,"minecraft:lantern":4,"minecraft:leather_boots":1,"minecraft:bone":56,"minecraft:wheat_seeds":17,"minecraft:raw_gold":9,"minecraft:mossy_stone_bricks":1,"minecraft:bamboo":3,"biomesoplenty:toadstool":4,"minecraft:sand":3,"minecraft:stripped_spruce_log":60,"sophisticatedbackpacks:iron_backpack":1,"minecraft:lily_of_the_valley":4,"minecraft:dark_oak_log":7,"minecraft:mossy_cobblestone":2,"minecraft:jungle_leaves":22,"born_in_chaos_v1:fire_dust":1,"waystones:waystone":3,"minecraft:writable_book":2,"minecraft:blue_ice":22,"minecraft:grass":3,"minecraft:emerald":8,"alexsmobs:maggot":2,"minecraft:jack_o_lantern":1,"minecraft:oak_sapling":64,"minecraft:netherrack":1,"minecraft:oak_leaves":172,"born_in_chaos_v1:diamond_termite_shard":7,"luminousworld:groundpebbles_1":7,"minecraft:crafting_table":3,"minecraft:allium":3,"minecraft:azure_bluet":1,"minecraft:ladder":4,"born_in_chaos_v1:seedof_chaos":2,"minecraft:leather_leggings":1,"minecraft:wooden_pickaxe":1,"minecraft:gold_block":1,"minecraft:wooden_sword":1,"minecraft:flint_and_steel":3,"minecraft:beef":5,"immersive_weathering:oak_leaf_pile":10,"biomesoplenty:sprout":25,"minecraft:lectern":6,"minecraft:sugar_cane":9,"minecraft:chest":2,"minecraft:dark_oak_sapling":8,"minecraft:raw_iron":17,"biomesoplenty:wilted_lily":2,"minecraft:cookie":1,"born_in_chaos_v1:pieceofdarkmetal":5,"minecraft:redstone":35,"minecraft:stone_pressure_plate":2,"minecraft:dark_oak_planks":42,"minecraft:arrow":34,"minecraft:hay_block":37,"minecraft:gold_ingot":5,"minecraft:totem_of_undying":1,"minecraft:white_wool":1,"born_in_chaos_v1:fused_bone":3,"born_in_chaos_v1:corpse_maggot":5,"minecraft:golden_carrot":1,"born_in_chaos_v1:monster_flesh":2,"minecraft:glow_ink_sac":10,"minecraft:oak_log":86,"luminousworld:tree_ant_trophy":1,"minecraft:gunpowder":4,"minecraft:paper":6,"minecraft:gray_carpet":1,"minecraft:apple":7,"minecraft:stone_bricks":1,"minecraft:iron_ingot":2,"supplementaries:timber_frame":1,"minecraft:book":159,"minecraft:tropical_fish_bucket":4,"bakery:strawberry":4,"minecraft:milk_bucket":2,"minecraft:pumpkin":7,"born_in_chaos_v1:ethereal_spirit":1,"minecraft:quartz":1,"minecraft:dandelion":32,"biomesoplenty:dead_planks":24,"minecraft:white_bed":2,"minecraft:spruce_log":3,"minecraft:spider_eye":7,"biomesoplenty:flowering_oak_sapling":1,"minecraft:slime_ball":6,"minecraft:diamond_axe":1,"minecraft:painting":44,"minecraft:stripped_dark_oak_log":10,"minecraft:coal":72},"minecraft:custom":{"minecraft:interact_with_crafting_table":49,"minecraft:open_barrel":96,"minecraft:eat_cake_slice":2,"minecraft:leave_game":5,"minecraft:time_since_death":38541,"minecraft:sprint_one_cm":796549,"minecraft:damage_blocked_by_shield":125,"minecraft:drop":77,"minecraft:talked_to_villager":24,"minecraft:play_time":307630,"minecraft:deaths":28,"minecraft:jump":3770,"minecraft:walk_on_water_one_cm":35218,"minecraft:enchant_item":2,"minecraft:interact_with_furnace":34,"minecraft:traded_with_villager":1,"minecraft:interact_with_cartography_table":1,"minecraft:sleep_in_bed":5,"minecraft:waystone_activated":7,"minecraft:damage_dealt":24544,"minecraft:crouch_one_cm":7166,"minecraft:interact_with_smoker":3,"minecraft:mob_kills":120,"minecraft:damage_dealt_resisted":5593,"minecraft:climb_one_cm":10433,"minecraft:walk_one_cm":858966,"minecraft:sneak_time":4310,"minecraft:walk_under_water_one_cm":52049,"minecraft:interact_with_blast_furnace":4,"minecraft:total_world_time":307630,"minecraft:pot_flower":1,"minecraft:interact_with_stonecutter":1,"minecraft:time_since_rest":38576,"minecraft:damage_taken":9178,"minecraft:damage_absorbed":20,"minecraft:swim_one_cm":59151,"minecraft:fly_one_cm":726357,"minecraft:open_chest":105,"minecraft:fall_one_cm":121568},"minecraft:mined":{"minecraft:stone_pressure_plate":2,"minecraft:white_bed":2,"minecraft:jungle_leaves":1,"minecraft:carved_pumpkin":2,"minecraft:obsidian":4,"minecraft:cave_vines_plant":6,"minecraft:grass_block":7,"sophisticatedbackpacks:iron_backpack":1,"biomesoplenty:wilted_lily":2,"biomesoplenty:dried_salt":19,"minecraft:spawner":8,"minecraft:weeping_vines_plant":1,"minecraft:iron_ore":16,"minecraft:fire":2,"minecraft:barrel":1,"minecraft:pumpkin":2,"minecraft:black_carpet":1,"minecraft:deepslate_lapis_ore":10,"supplementaries:stick":10,"minecraft:cave_vines":1,"minecraft:dirt_path":2,"amendments:wall_lantern":2,"minecraft:iron_bars":7,"minecraft:green_bed":1,"immersive_weathering:oak_leaf_pile":15,"minecraft:deepslate_redstone_ore":8,"minecraft:poppy":1,"minecraft:chest":2,"minecraft:mushroom_stem":1,"minecraft:cobblestone":1,"minecraft:iron_door":4,"minecraft:deepslate_copper_ore":6,"minecraft:seagrass":3,"minecraft:stone_brick_stairs":1,"minecraft:grass":90,"biomesoplenty:dead_log":7,"minecraft:oak_log":3,"minecraft:dirt":11,"luminousworld:grassvariant_3":1,"minecraft:wither_skeleton_skull":1,"minecraft:netherrack":1,"minecraft:oak_leaves":230,"minecraft:deepslate":1,"biomesoplenty:orange_autumn_leaves":4,"minecraft:mossy_cobblestone":6,"minecraft:dark_oak_log":2,"biomesoplenty:desert_grass":1,"minecraft:jack_o_lantern":1,"luminousworld:mossbuds_1":3,"born_in_chaos_v1:infected_diamond_ore":6,"minecraft:ladder":4,"biomesoplenty:bush":7,"luminousworld:mossbuds_2":1,"minecraft:spruce_leaves":3,"biomesoplenty:dead_grass":4,"minecraft:hay_block":38,"minecraft:furnace":7,"supplementaries:timber_frame":1,"biomesoplenty:toadstool":1,"treechop:chopped_log":9,"luminousworld:mossbuds_3":3,"minecraft:gold_block":1,"minecraft:bookshelf":51,"biomesoplenty:high_grass":23,"minecraft:deepslate_iron_ore":18,"minecraft:vine":4,"minecraft:stone":52,"minecraft:smithing_table":3,"minecraft:podzol":2,"minecraft:glass_pane":2,"luminousworld:blueberrybush":1,"minecraft:lily_of_the_valley":1,"minecraft:stripped_dark_oak_log":6,"minecraft:crafting_table":3,"minecraft:rose_bush":1,"minecraft:lectern":6,"biomesoplenty:high_grass_plant":41,"minecraft:copper_ore":5,"minecraft:tall_grass":10,"minecraft:deepslate_coal_ore":15,"biomesoplenty:sprout":23,"minecraft:deepslate_gold_ore":9,"supplementaries:urn":5,"minecraft:spruce_stairs":1,"minecraft:spruce_log":3,"minecraft:jungle_fence":2,"minecraft:coal_ore":32,"minecraft:end_rod":1,"minecraft:cobweb":58,"minecraft:stone_bricks":1,"minecraft:mossy_stone_bricks":1,"minecraft:deepslate_emerald_ore":2,"quark:hollow_spruce_log":4,"minecraft:fern":7},"minecraft:used":{"minecraft:beetroot":2,"minecraft:ladder":4,"minecraft:black_carpet":2,"minecraft:chest":1,"minecraft:shield":6,"minecraft:iron_sword":213,"minecraft:rotten_flesh":2,"minecraft:carrot":14,"minecraft:stripped_spruce_log":5,"minecraft:milk_bucket":1,"born_in_chaos_v1:corpse_maggot":3,"born_in_chaos_v1:smoked_flesh":3,"minecraft:lava_bucket":2,"minecraft:lantern":4,"minecraft:stone_brick_stairs":1,"minecraft:stone_bricks":1,"minecraft:furnace":7,"minecraft:potato":18,"minecraft:end_rod":1,"minecraft:stone_pickaxe":47,"minecraft:oak_planks":1,"minecraft:wooden_pickaxe":5,"luminousworld:groundpebbles_1":1,"minecraft:diamond_axe":256,"minecraft:oak_leaves":138,"minecraft:cookie":1,"minecraft:shears":224,"waystones:waystone":3,"gnumus:gnumus_chickpeas":1,"minecraft:bread":9,"born_in_chaos_v1:staffof_magic_arrows":4,"minecraft:lectern":5,"biomesoplenty:dried_salt":9,"minecraft:wooden_sword":60,"minecraft:smithing_table":2,"minecraft:tropical_fish_bucket":1,"sophisticatedbackpacks:iron_backpack":1,"minecraft:enchanting_table":1,"minecraft:stone_sword":167,"born_in_chaos_v1:ethereal_spirit":2,"minecraft:spruce_planks":1,"minecraft:netherrack":1,"minecraft:stick":14,"minecraft:torch":23,"minecraft:dirt":49,"minecraft:wooden_axe":32,"alexsmobs:maggot":2,"beachparty:palm_planks":4,"minecraft:bookshelf":37,"minecraft:totem_of_undying":1,"minecraft:golden_carrot":1,"quark:hollow_spruce_log":4,"biomesoplenty:wilted_lily":2,"minecraft:stone_pressure_plate":1,"minecraft:water_bucket":29,"minecraft:green_bed":1,"supplementaries:timber_frame":3,"anthropology_items__structures:hunters_machete":435,"farmersdelight:onion":5,"minecraft:stripped_dark_oak_log":6,"minecraft:crafting_table":7,"bakery:strawberry":4,"minecraft:white_bed":1,"minecraft:painting":45,"minecraft:diamond_pickaxe":9,"minecraft:apple":14,"minecraft:iron_pickaxe":204,"minecraft:stone_axe":57,"minecraft:cobblestone":4,"minecraft:bucket":35},"minecraft:killed_by":{"minecraft:evoker":1,"born_in_chaos_v1:nightmare_stalker":2,"minecraft:piglin_brute":1,"born_in_chaos_v1:zombie_bruiser":2,"born_in_chaos_v1:corpse_fly":2,"alexsmobs:crocodile":1,"minecraft:cave_spider":2,"minecraft:zombie":3,"alexsmobs:grizzly_bear":1,"born_in_chaos_v1:scarlet_persecutor":2,"born_in_chaos_v1:siamese_skeletonsright":1,"minecraft:player":1,"minecraft:spider":1,"takesapillage:skirmisher":1,"minecraft:skeleton":2,"born_in_chaos_v1:maggot":1},"minecraft:broken":{"minecraft:leather_leggings":1,"anthropology_items__structures:hunters_machete":1,"minecraft:shears":1,"minecraft:wooden_sword":1,"minecraft:iron_sword":1,"minecraft:wooden_axe":1,"minecraft:leather_helmet":1,"minecraft:stone_sword":1,"minecraft:leather_chestplate":1,"minecraft:leather_boots":1},"minecraft:dropped":{"minecraft:leather":2,"born_in_chaos_v1:monster_flesh":1,"minecraft:dirt":25,"minecraft:grass":3,"minecraft:white_wool":2,"minecraft:gold_ingot":12,"minecraft:tropical_fish_bucket":1,"minecraft:bone":3,"biomesoplenty:toadstool":3,"minecraft:stripped_dark_oak_log":2,"minecraft:rotten_flesh":36,"born_in_chaos_v1:smoked_flesh":3,"minecraft:azure_bluet":1,"minecraft:leather_chestplate":1,"supplementaries:ash":1,"minecraft:gunpowder":2,"born_in_chaos_v1:corpse_maggot":2,"minecraft:leather_leggings":1,"minecraft:iron_bars":12,"minecraft:arrow":2,"minecraft:beef":5,"minecraft:iron_ingot":2,"biomesoplenty:dead_planks":24,"minecraft:wheat_seeds":10,"minecraft:mossy_cobblestone":1,"minecraft:book":6,"minecraft:cobblestone":1,"minecraft:apple":3,"minecraft:torch":23,"minecraft:rose_bush":1,"minecraft:pumpkin":3,"minecraft:string":6,"minecraft:redstone":31,"minecraft:lily_of_the_valley":3,"biomesoplenty:sprout":20,"minecraft:flint_and_steel":1,"minecraft:allium":3,"luminousworld:groundpebbles_1":4,"minecraft:blue_ice":6,"minecraft:carved_pumpkin":1,"minecraft:spider_eye":1},"minecraft:crafted":{"minecraft:oak_planks":264,"minecraft:stone":13,"minecraft:bookshelf":37,"minecraft:repeater":2,"sophisticatedbackpacks:backpack":1,"minecraft:emerald":1,"minecraft:crafting_table":5,"minecraft:spruce_planks":16,"minecraft:wooden_pickaxe":1,"minecraft:sticky_piston":1,"sophisticatedbackpacks:upgrade_base":1,"minecraft:painting":1,"minecraft:diamond_pickaxe":1,"minecraft:stick":32,"minecraft:iron_ingot":34,"minecraft:iron_pickaxe":1,"minecraft:stone_sword":1,"minecraft:gold_ingot":9,"minecraft:shears":1,"minecraft:wooden_sword":1,"minecraft:furnace":1,"minecraft:piston":1,"minecraft:stone_pickaxe":1,"biomesoplenty:magic_planks":4,"minecraft:dark_oak_planks":28,"beachparty:palm_planks":4,"sophisticatedbackpacks:iron_backpack":1,"biomesoplenty:dead_planks":28,"minecraft:enchanting_table":1,"minecraft:iron_sword":1,"minecraft:stone_axe":1,"supplementaries:timber_frame":2,"minecraft:air":0,"sophisticatedbackpacks:pickup_upgrade":1,"minecraft:wooden_axe":1}},"DataVersion":3465}