{"stats":{"minecraft:killed":{"minecraft:pig":2,"born_in_chaos_v1:zombie_lumberjack":1,"born_in_chaos_v1:zombie_bruiser":1,"minecraft:skeleton":1,"minecraft:zombie":2,"born_in_chaos_v1:dread_hound":1,"gnumus:gnumus_hunter":1,"born_in_chaos_v1:door_knight":1,"born_in_chaos_v1:firelight_not_despawn":1,"aquaculture:carp":1,"minecraft:cow":4},"minecraft:picked_up":{"minecraft:crafting_table":3,"born_in_chaos_v1:monster_flesh":2,"minecraft:leather":8,"minecraft:brown_mushroom":3,"minecraft:potato":2,"gnumus:gnumus_pouch":1,"minecraft:oak_log":3,"minecraft:dirt":7,"born_in_chaos_v1:monster_skin":2,"minecraft:bone":3,"minecraft:wheat_seeds":8,"minecraft:iron_ingot":2,"minecraft:beef":10,"minecraft:chest":1,"minecraft:oak_planks":4,"minecraft:mangrove_log":2,"immersive_weathering:tallow":5,"born_in_chaos_v1:ethereal_spirit":1,"minecraft:acacia_log":1,"minecraft:dripstone_block":3,"minecraft:porkchop":2,"minecraft:white_bed":2,"minecraft:carrot":1,"minecraft:dark_oak_log":2,"minecraft:stone_sword":1,"minecraft:rotten_flesh":5,"minecraft:arrow":2,"minecraft:light_gray_bed":3,"minecraft:beetroot_seeds":1,"gnumus:gnumus_chickpeas":3,"minecraft:cobblestone":47},"minecraft:custom":{"minecraft:mob_kills":17,"minecraft:animals_bred":3,"minecraft:interact_with_crafting_table":7,"minecraft:open_barrel":11,"minecraft:bell_ring":4,"minecraft:damage_dealt_resisted":453,"minecraft:time_since_death":1415,"minecraft:sleep_in_bed":1,"minecraft:climb_one_cm":6434,"minecraft:time_since_rest":1472,"minecraft:sprint_one_cm":100124,"minecraft:damage_taken":2841,"minecraft:walk_one_cm":186865,"minecraft:damage_blocked_by_shield":110,"minecraft:drop":1,"minecraft:damage_dealt":3476,"minecraft:swim_one_cm":18921,"minecraft:talked_to_villager":4,"minecraft:fly_one_cm":145869,"minecraft:open_chest":9,"minecraft:crouch_one_cm":743,"minecraft:sneak_time":686,"minecraft:play_time":42914,"minecraft:deaths":10,"minecraft:walk_under_water_one_cm":2404,"minecraft:jump":916,"minecraft:walk_on_water_one_cm":5935,"minecraft:total_world_time":42914,"minecraft:fall_one_cm":36076},"minecraft:mined":{"minecraft:white_bed":2,"minecraft:crafting_table":3,"minecraft:chest":1,"minecraft:light_gray_bed":3,"biomesoplenty:high_grass_plant":7,"minecraft:tall_grass":2,"biomesoplenty:sprout":2,"minecraft:oak_planks":4,"minecraft:carrots":2,"minecraft:wheat":8,"minecraft:grass":7,"minecraft:potatoes":2,"minecraft:oak_log":2,"biomesoplenty:high_grass":6,"minecraft:beetroots":1,"minecraft:dirt_path":3,"minecraft:dirt":4,"minecraft:stone":47,"minecraft:oak_leaves":1},"minecraft:used":{"minecraft:stone_sword":94,"minecraft:wooden_pickaxe":47,"minecraft:shield":5,"minecraft:dirt":4,"minecraft:crafting_table":4,"minecraft:carrot":2,"minecraft:white_bed":1,"born_in_chaos_v1:monster_flesh":1,"minecraft:iron_axe":61,"minecraft:cobblestone":5,"alexsmobs:animal_dictionary":3,"minecraft:potato":1},"minecraft:killed_by":{"minecraft:skeleton":1,"minecraft:creeper":1,"born_in_chaos_v1:spiritof_chaos":1,"minecraft:spider":1,"minecraft:zombie":1,"born_in_chaos_v1:fallen_chaos_knight":1,"born_in_chaos_v1:dread_hound":1},"minecraft:dropped":{"minecraft:stone_sword":1},"minecraft:crafted":{"minecraft:oak_planks":12,"sophisticatedbackpacks:backpack":1,"minecraft:crafting_table":1,"minecraft:wooden_pickaxe":1,"minecraft:shield":1,"minecraft:stick":4,"minecraft:stone_sword":1}},"DataVersion":3465}