{"stats":{"minecraft:used":{"minecraft:stone_sword":179,"minecraft:flint_and_steel":2,"minecraft:shield":14,"minecraft:torch":47,"minecraft:dirt":8,"minecraft:carrot":2,"minecraft:iron_axe":163,"minecraft:beef":3,"minecraft:furnace":1,"minecraft:potato":1,"minecraft:light_gray_bed":2,"minecraft:stone_pickaxe":332,"minecraft:wooden_pickaxe":59,"minecraft:crafting_table":8,"minecraft:white_bed":1,"born_in_chaos_v1:monster_flesh":1,"minecraft:cobblestone":105,"minecraft:porkchop":1,"alexsmobs:animal_dictionary":3,"minecraft:oak_boat":1},"minecraft:mined":{"minecraft:white_bed":2,"minecraft:budding_amethyst":1,"minecraft:grass_block":2,"minecraft:light_gray_bed":5,"minecraft:spruce_leaves":7,"minecraft:carrots":2,"minecraft:iron_ore":3,"minecraft:fire":1,"treechop:chopped_log":4,"minecraft:potatoes":2,"biomesoplenty:high_grass":8,"minecraft:dirt_path":3,"minecraft:stone":348,"minecraft:podzol":1,"minecraft:glass_pane":2,"minecraft:amethyst_cluster":1,"minecraft:oak_fence":4,"minecraft:crafting_table":6,"minecraft:torch":1,"minecraft:calcite":2,"minecraft:chest":1,"biomesoplenty:high_grass_plant":7,"minecraft:tall_grass":2,"minecraft:cobblestone":1,"biomesoplenty:sprout":3,"minecraft:oak_planks":4,"minecraft:sugar_cane":1,"minecraft:wall_torch":4,"minecraft:amethyst_block":1,"minecraft:wheat":8,"minecraft:spruce_log":1,"minecraft:birch_leaves":4,"minecraft:grass":12,"biomesoplenty:clover":1,"minecraft:oak_log":2,"minecraft:coal_ore":23,"minecraft:beetroots":1,"minecraft:gravel":4,"minecraft:dirt":7,"minecraft:smooth_basalt":1,"minecraft:oak_leaves":1,"minecraft:fern":2},"minecraft:killed":{"born_in_chaos_v1:zombie_lumberjack":2,"born_in_chaos_v1:zombie_bruiser":2,"minecraft:skeleton":2,"gnumus:gnumus_hunter":1,"naturalist:cardinal":1,"born_in_chaos_v1:firelight_not_despawn":1,"aquaculture:carp":1,"born_in_chaos_v1:fallen_chaos_knight":1,"minecraft:pig":2,"minecraft:zombie":2,"born_in_chaos_v1:dread_hound":2,"born_in_chaos_v1:door_knight":1,"minecraft:cow":4},"minecraft:picked_up":{"minecraft:crafting_table":6,"minecraft:brown_mushroom":3,"minecraft:wooden_pickaxe":1,"minecraft:string":3,"minecraft:beef":10,"minecraft:oak_boat":1,"minecraft:chest":1,"minecraft:birch_sapling":3,"minecraft:mangrove_log":2,"minecraft:stick":12,"minecraft:raw_iron":3,"minecraft:oak_fence":3,"minecraft:torch":5,"minecraft:acacia_log":1,"minecraft:porkchop":2,"minecraft:carrot":1,"minecraft:rotten_flesh":10,"minecraft:stone_sword":1,"minecraft:arrow":4,"minecraft:light_gray_bed":5,"minecraft:beetroot_seeds":1,"gnumus:gnumus_chickpeas":3,"minecraft:cobblestone":241,"minecraft:birch_log":14,"minecraft:cooked_beef":4,"born_in_chaos_v1:monster_flesh":2,"minecraft:leather":8,"minecraft:potato":2,"gnumus:gnumus_pouch":1,"minecraft:oak_log":23,"minecraft:dirt":11,"born_in_chaos_v1:monster_skin":4,"minecraft:bone":5,"minecraft:apple":1,"minecraft:wheat_seeds":8,"minecraft:iron_ingot":4,"minecraft:oak_planks":9,"immersive_weathering:tallow":5,"born_in_chaos_v1:ethereal_spirit":1,"minecraft:dripstone_block":3,"minecraft:gravel":4,"minecraft:white_bed":2,"minecraft:dark_oak_log":2,"minecraft:oak_sapling":8,"minecraft:coal":23},"minecraft:killed_by":{"born_in_chaos_v1:nightmare_stalker":3,"minecraft:creeper":1,"minecraft:spider":1,"born_in_chaos_v1:fallen_chaos_knight":3,"minecraft:skeleton":1,"born_in_chaos_v1:spiritof_chaos":1,"minecraft:zombie":1,"alexsmobs:grizzly_bear":2,"born_in_chaos_v1:dread_hound":1},"minecraft:custom":{"minecraft:mob_kills":23,"minecraft:animals_bred":3,"minecraft:inspect_hopper":1,"minecraft:interact_with_crafting_table":14,"minecraft:open_barrel":12,"minecraft:interact_with_campfire":8,"minecraft:bell_ring":4,"minecraft:damage_dealt_resisted":552,"minecraft:time_since_death":2398,"minecraft:climb_one_cm":7593,"minecraft:sprint_one_cm":160812,"minecraft:walk_one_cm":473305,"minecraft:damage_blocked_by_shield":385,"minecraft:drop":21,"minecraft:talked_to_villager":5,"minecraft:play_time":107458,"minecraft:deaths":20,"minecraft:sneak_time":771,"minecraft:walk_under_water_one_cm":4374,"minecraft:jump":2327,"minecraft:walk_on_water_one_cm":15209,"minecraft:total_world_time":107458,"minecraft:interact_with_furnace":1,"minecraft:interact_with_cartography_table":2,"minecraft:sleep_in_bed":2,"minecraft:time_since_rest":2415,"minecraft:damage_taken":5699,"minecraft:damage_dealt":5957,"minecraft:swim_one_cm":39708,"minecraft:fly_one_cm":237183,"minecraft:open_chest":15,"minecraft:crouch_one_cm":1035,"minecraft:interact_with_smoker":1,"minecraft:fall_one_cm":77679},"minecraft:dropped":{"minecraft:brown_mushroom":3,"minecraft:oak_fence":3,"minecraft:cobblestone":7,"born_in_chaos_v1:monster_flesh":1,"minecraft:dirt":3,"minecraft:dark_oak_log":2,"born_in_chaos_v1:monster_skin":4,"minecraft:map":1,"minecraft:fire_charge":1,"minecraft:string":3,"minecraft:bone":1,"minecraft:stone_sword":1,"minecraft:birch_sapling":3,"minecraft:rotten_flesh":5,"minecraft:oak_planks":5,"minecraft:mangrove_log":2,"minecraft:beetroot_seeds":1,"minecraft:melon_seeds":8,"immersive_weathering:tallow":5,"minecraft:wooden_pickaxe":1},"minecraft:broken":{"minecraft:stone_sword":1,"minecraft:wooden_pickaxe":1,"minecraft:stone_pickaxe":2},"minecraft:crafted":{"minecraft:oak_planks":84,"minecraft:furnace":1,"minecraft:stone_pickaxe":3,"sophisticatedbackpacks:backpack":1,"minecraft:crafting_table":2,"minecraft:wooden_pickaxe":1,"minecraft:oak_boat":1,"minecraft:shield":1,"minecraft:stick":12,"minecraft:stone_sword":2,"minecraft:torch":44}},"DataVersion":3465}