{"stats":{"minecraft:used":{"minecraft:stone_sword":204,"minecraft:flint_and_steel":7,"minecraft:shield":14,"minecraft:torch":61,"minecraft:dirt":8,"minecraft:carrot":2,"minecraft:iron_axe":167,"minecraft:beef":3,"minecraft:furnace":1,"minecraft:cooked_beef":3,"minecraft:potato":1,"minecraft:light_gray_bed":2,"minecraft:stone_pickaxe":397,"minecraft:wooden_pickaxe":59,"minecraft:crafting_table":8,"minecraft:white_bed":1,"born_in_chaos_v1:monster_flesh":1,"minecraft:cobblestone":127,"minecraft:porkchop":1,"alexsmobs:animal_dictionary":3,"minecraft:oak_boat":1},"minecraft:mined":{"minecraft:white_bed":2,"minecraft:sculk_vein":1,"minecraft:glow_lichen":1,"minecraft:budding_amethyst":1,"minecraft:grass_block":2,"minecraft:light_gray_bed":5,"minecraft:spruce_leaves":7,"minecraft:carrots":2,"minecraft:iron_ore":26,"minecraft:fire":2,"treechop:chopped_log":4,"minecraft:potatoes":2,"biomesoplenty:high_grass":8,"minecraft:dirt_path":3,"minecraft:stone":366,"minecraft:podzol":1,"minecraft:glass_pane":2,"minecraft:amethyst_cluster":1,"minecraft:oak_fence":4,"minecraft:crafting_table":6,"minecraft:torch":1,"minecraft:calcite":2,"minecraft:chest":1,"biomesoplenty:high_grass_plant":7,"minecraft:tall_grass":2,"minecraft:cobblestone":9,"biomesoplenty:sprout":3,"minecraft:oak_planks":4,"minecraft:sugar_cane":1,"minecraft:wall_torch":4,"minecraft:amethyst_block":1,"minecraft:wheat":8,"minecraft:spruce_log":1,"minecraft:birch_leaves":4,"minecraft:grass":12,"biomesoplenty:clover":1,"minecraft:oak_log":2,"minecraft:coal_ore":33,"minecraft:beetroots":1,"minecraft:gravel":4,"minecraft:dirt":7,"minecraft:smooth_basalt":1,"minecraft:oak_leaves":1,"minecraft:deepslate":1,"minecraft:fern":2},"minecraft:killed":{"born_in_chaos_v1:zombie_lumberjack":2,"born_in_chaos_v1:zombie_bruiser":2,"born_in_chaos_v1:scarlet_persecutor":2,"minecraft:skeleton":2,"gnumus:gnumus_hunter":1,"naturalist:cardinal":1,"born_in_chaos_v1:firelight_not_despawn":1,"aquaculture:carp":1,"born_in_chaos_v1:fallen_chaos_knight":1,"minecraft:pig":2,"minecraft:zombie":2,"born_in_chaos_v1:dread_hound":2,"born_in_chaos_v1:door_knight":1,"minecraft:cow":4},"minecraft:picked_up":{"minecraft:crafting_table":6,"born_in_chaos_v1:seedof_chaos":1,"minecraft:brown_mushroom":3,"minecraft:wooden_pickaxe":1,"minecraft:string":3,"minecraft:cobbled_deepslate":1,"minecraft:beef":10,"minecraft:oak_boat":1,"minecraft:chest":1,"minecraft:birch_sapling":3,"minecraft:mangrove_log":2,"minecraft:stick":12,"minecraft:raw_iron":26,"minecraft:oak_fence":6,"minecraft:torch":7,"minecraft:acacia_log":1,"minecraft:porkchop":2,"born_in_chaos_v1:pieceofdarkmetal":2,"minecraft:carrot":1,"minecraft:rotten_flesh":10,"minecraft:stone_sword":1,"minecraft:arrow":8,"minecraft:light_gray_bed":5,"minecraft:beetroot_seeds":1,"gnumus:gnumus_chickpeas":3,"minecraft:cobblestone":263,"minecraft:birch_log":14,"minecraft:cooked_beef":7,"born_in_chaos_v1:monster_flesh":2,"minecraft:leather":8,"minecraft:potato":2,"gnumus:gnumus_pouch":1,"minecraft:oak_log":23,"minecraft:dirt":11,"born_in_chaos_v1:monster_skin":4,"minecraft:bone":5,"minecraft:apple":1,"minecraft:wheat_seeds":8,"minecraft:iron_ingot":4,"minecraft:oak_planks":9,"immersive_weathering:tallow":5,"minecraft:cooked_porkchop":1,"born_in_chaos_v1:ethereal_spirit":1,"minecraft:dripstone_block":3,"minecraft:gravel":4,"minecraft:white_bed":2,"minecraft:dark_oak_log":2,"minecraft:pumpkin_seeds":43,"minecraft:oak_sapling":16,"minecraft:coal":32},"minecraft:killed_by":{"born_in_chaos_v1:nightmare_stalker":3,"minecraft:creeper":1,"minecraft:spider":1,"born_in_chaos_v1:fallen_chaos_knight":3,"minecraft:skeleton":1,"born_in_chaos_v1:spiritof_chaos":1,"minecraft:zombie":1,"alexsmobs:grizzly_bear":2,"born_in_chaos_v1:scarlet_persecutor":1,"born_in_chaos_v1:dread_hound":1},"minecraft:custom":{"minecraft:mob_kills":25,"minecraft:animals_bred":3,"minecraft:inspect_hopper":1,"minecraft:interact_with_crafting_table":15,"minecraft:open_barrel":12,"minecraft:interact_with_campfire":8,"minecraft:bell_ring":4,"minecraft:damage_dealt_resisted":552,"minecraft:leave_game":1,"minecraft:time_since_death":8195,"minecraft:climb_one_cm":7593,"minecraft:sprint_one_cm":163778,"minecraft:walk_one_cm":525949,"minecraft:damage_blocked_by_shield":385,"minecraft:drop":25,"minecraft:talked_to_villager":5,"minecraft:play_time":117002,"minecraft:deaths":21,"minecraft:sneak_time":771,"minecraft:walk_under_water_one_cm":4374,"minecraft:jump":2503,"minecraft:walk_on_water_one_cm":15209,"minecraft:total_world_time":117002,"minecraft:interact_with_furnace":5,"minecraft:interact_with_cartography_table":3,"minecraft:sleep_in_bed":3,"minecraft:time_since_rest":2560,"minecraft:damage_taken":6359,"minecraft:damage_dealt":6368,"minecraft:swim_one_cm":39708,"minecraft:fly_one_cm":242010,"minecraft:open_chest":19,"minecraft:crouch_one_cm":1035,"minecraft:interact_with_smoker":1,"minecraft:fall_one_cm":83924},"minecraft:dropped":{"minecraft:brown_mushroom":3,"minecraft:oak_fence":3,"minecraft:cobblestone":7,"born_in_chaos_v1:monster_flesh":1,"minecraft:dirt":3,"minecraft:dark_oak_log":2,"born_in_chaos_v1:monster_skin":4,"minecraft:map":1,"minecraft:fire_charge":1,"minecraft:string":3,"minecraft:bone":1,"minecraft:stone_sword":1,"minecraft:birch_sapling":3,"minecraft:rotten_flesh":5,"minecraft:oak_planks":5,"minecraft:pumpkin_seeds":43,"born_in_chaos_v1:seedof_chaos":1,"minecraft:mangrove_log":2,"minecraft:beetroot_seeds":1,"minecraft:melon_seeds":8,"minecraft:oak_sapling":8,"immersive_weathering:tallow":5,"minecraft:arrow":4,"minecraft:wooden_pickaxe":1},"minecraft:broken":{"minecraft:stone_sword":1,"minecraft:wooden_pickaxe":1,"minecraft:stone_pickaxe":3},"minecraft:crafted":{"minecraft:oak_planks":84,"minecraft:furnace":1,"minecraft:stone_pickaxe":3,"sophisticatedbackpacks:backpack":1,"minecraft:crafting_table":2,"minecraft:wooden_pickaxe":1,"minecraft:air":0,"minecraft:oak_boat":1,"minecraft:shield":1,"minecraft:stick":16,"minecraft:iron_ingot":3,"minecraft:stone_sword":2,"minecraft:gold_ingot":9,"minecraft:torch":64}},"DataVersion":3465}