{"stats":{"minecraft:mined":{"minecraft:white_bed":2,"minecraft:glass_pane":2,"minecraft:oak_fence":1,"minecraft:crafting_table":5,"minecraft:chest":1,"minecraft:light_gray_bed":4,"biomesoplenty:high_grass_plant":7,"minecraft:tall_grass":2,"minecraft:spruce_leaves":7,"biomesoplenty:sprout":3,"minecraft:sugar_cane":1,"minecraft:oak_planks":4,"minecraft:carrots":2,"minecraft:wheat":8,"minecraft:spruce_log":1,"treechop:chopped_log":2,"biomesoplenty:clover":1,"minecraft:grass":10,"minecraft:dirt_path":3,"minecraft:potatoes":2,"minecraft:oak_log":2,"biomesoplenty:high_grass":8,"minecraft:beetroots":1,"minecraft:gravel":1,"minecraft:dirt":4,"minecraft:stone":54,"minecraft:oak_leaves":1,"minecraft:fern":2},"minecraft:used":{"minecraft:stone_sword":126,"minecraft:shield":14,"minecraft:wooden_pickaxe":55,"minecraft:dirt":4,"minecraft:crafting_table":6,"minecraft:carrot":2,"minecraft:white_bed":1,"born_in_chaos_v1:monster_flesh":1,"minecraft:iron_axe":112,"minecraft:cobblestone":36,"minecraft:beef":2,"minecraft:porkchop":1,"minecraft:oak_boat":1,"alexsmobs:animal_dictionary":3,"minecraft:potato":1,"minecraft:light_gray_bed":1},"minecraft:killed":{"minecraft:pig":2,"born_in_chaos_v1:zombie_lumberjack":2,"born_in_chaos_v1:zombie_bruiser":1,"minecraft:skeleton":2,"minecraft:zombie":2,"born_in_chaos_v1:dread_hound":2,"gnumus:gnumus_hunter":1,"naturalist:cardinal":1,"born_in_chaos_v1:door_knight":1,"born_in_chaos_v1:firelight_not_despawn":1,"aquaculture:carp":1,"minecraft:cow":4},"minecraft:picked_up":{"minecraft:crafting_table":5,"born_in_chaos_v1:monster_flesh":2,"minecraft:leather":8,"minecraft:brown_mushroom":3,"minecraft:wooden_pickaxe":1,"minecraft:potato":2,"gnumus:gnumus_pouch":1,"minecraft:oak_log":21,"minecraft:dirt":7,"born_in_chaos_v1:monster_skin":4,"minecraft:bone":5,"minecraft:apple":1,"minecraft:wheat_seeds":8,"minecraft:iron_ingot":3,"minecraft:beef":10,"minecraft:oak_boat":1,"minecraft:chest":1,"minecraft:oak_planks":9,"immersive_weathering:tallow":5,"minecraft:mangrove_log":2,"minecraft:stick":12,"minecraft:oak_fence":1,"born_in_chaos_v1:ethereal_spirit":1,"minecraft:acacia_log":1,"minecraft:gravel":1,"minecraft:dripstone_block":3,"minecraft:porkchop":2,"minecraft:white_bed":2,"minecraft:carrot":1,"minecraft:dark_oak_log":2,"minecraft:stone_sword":1,"minecraft:arrow":4,"minecraft:light_gray_bed":4,"minecraft:rotten_flesh":5,"minecraft:beetroot_seeds":1,"gnumus:gnumus_chickpeas":3,"minecraft:oak_sapling":8,"minecraft:cobblestone":54},"minecraft:killed_by":{"born_in_chaos_v1:nightmare_stalker":3,"minecraft:skeleton":1,"minecraft:creeper":1,"born_in_chaos_v1:spiritof_chaos":1,"minecraft:spider":1,"minecraft:zombie":1,"alexsmobs:grizzly_bear":2,"born_in_chaos_v1:fallen_chaos_knight":1,"born_in_chaos_v1:dread_hound":1},"minecraft:custom":{"minecraft:mob_kills":21,"minecraft:animals_bred":3,"minecraft:inspect_hopper":1,"minecraft:interact_with_crafting_table":11,"minecraft:open_barrel":11,"minecraft:bell_ring":4,"minecraft:damage_dealt_resisted":552,"minecraft:time_since_death":2829,"minecraft:sleep_in_bed":2,"minecraft:climb_one_cm":7593,"minecraft:time_since_rest":2868,"minecraft:sprint_one_cm":154719,"minecraft:damage_taken":4810,"minecraft:walk_one_cm":395200,"minecraft:damage_blocked_by_shield":385,"minecraft:drop":12,"minecraft:damage_dealt":4652,"minecraft:swim_one_cm":39708,"minecraft:talked_to_villager":5,"minecraft:fly_one_cm":226321,"minecraft:open_chest":13,"minecraft:sneak_time":757,"minecraft:crouch_one_cm":993,"minecraft:deaths":17,"minecraft:play_time":83458,"minecraft:walk_under_water_one_cm":4374,"minecraft:jump":1905,"minecraft:walk_on_water_one_cm":14872,"minecraft:total_world_time":83458,"minecraft:fall_one_cm":71495},"minecraft:dropped":{"minecraft:stone_sword":1,"minecraft:oak_planks":5,"born_in_chaos_v1:monster_flesh":1,"minecraft:dirt":3,"minecraft:dark_oak_log":2,"minecraft:mangrove_log":2,"born_in_chaos_v1:monster_skin":4,"minecraft:melon_seeds":8,"immersive_weathering:tallow":5,"minecraft:wooden_pickaxe":1,"minecraft:bone":1},"minecraft:crafted":{"minecraft:oak_planks":84,"sophisticatedbackpacks:backpack":1,"minecraft:crafting_table":2,"minecraft:wooden_pickaxe":1,"minecraft:oak_boat":1,"minecraft:shield":1,"minecraft:stick":4,"minecraft:stone_pickaxe":1,"minecraft:stone_sword":1}},"DataVersion":3465}