{"stats":{"minecraft:killed":{"born_in_chaos_v1:baby_skeleton":1,"born_in_chaos_v1:scarlet_persecutor":1,"born_in_chaos_v1:corpse_fly":2,"minecraft:cow":1},"minecraft:picked_up":{"luminousworld:groundpebbles_1":3,"minecraft:black_carpet":1,"born_in_chaos_v1:corpse_maggot":1,"minecraft:crafting_table":1,"born_in_chaos_v1:monster_flesh":2,"minecraft:flower_pot":1,"minecraft:leather":2,"minecraft:oak_stairs":1,"minecraft:oak_log":1,"minecraft:golden_sword":1,"minecraft:dirt":1,"minecraft:string":9,"minecraft:dark_oak_trapdoor":1,"minecraft:lantern":1,"minecraft:raw_copper":2,"minecraft:oak_sign":2,"minecraft:bone":4,"minecraft:apple":4,"minecraft:gray_carpet":1,"minecraft:stone_bricks":5,"minecraft:wheat_seeds":5,"minecraft:gold_nugget":1,"minecraft:raw_gold":2,"minecraft:spruce_planks":4,"born_in_chaos_v1:smoked_flesh":3,"minecraft:beef":2,"minecraft:oak_planks":2,"minecraft:tropical_fish_bucket":1,"minecraft:stick":1,"minecraft:raw_iron":6,"born_in_chaos_v1:ethereal_spirit":1,"minecraft:stripped_spruce_log":7,"minecraft:brown_carpet":1,"luminousworld:decorative_brown_mushroom_1":1,"minecraft:stone_sword":1,"minecraft:arrow":1,"minecraft:rotten_flesh":10,"minecraft:diamond":4,"minecraft:tropical_fish":1,"minecraft:stone_axe":1,"minecraft:blue_ice":6,"minecraft:warped_roots":1,"minecraft:emerald":1,"alexsmobs:maggot":2,"supplementaries:ash":1,"minecraft:light_gray_carpet":1,"minecraft:coal":1},"minecraft:mined":{"luminousworld:groundpebbles_1":1,"minecraft:light_gray_carpet":1,"minecraft:spruce_planks":4,"minecraft:deepslate_diamond_ore":4,"minecraft:brown_carpet":1,"minecraft:glow_lichen":1,"minecraft:allium":1,"minecraft:grass_block":1,"minecraft:poppy":1,"minecraft:potted_warped_roots":1,"luminousworld:decorative_brown_mushroom_1":1,"minecraft:deepslate_coal_ore":2,"minecraft:spruce_leaves":3,"biomesoplenty:sprout":15,"minecraft:deepslate_gold_ore":2,"minecraft:oak_planks":2,"minecraft:oak_wall_sign":2,"minecraft:deepslate_copper_ore":1,"minecraft:carrots":1,"minecraft:dark_oak_trapdoor":1,"minecraft:wheat":1,"minecraft:black_carpet":1,"minecraft:grass":12,"minecraft:oak_log":1,"minecraft:deepslate_iron_ore":6,"minecraft:oak_stairs":1,"minecraft:gray_carpet":1,"minecraft:cobweb":4,"minecraft:stone_bricks":5,"minecraft:oak_leaves":1,"minecraft:deepslate_emerald_ore":1},"minecraft:custom":{"minecraft:interact_with_smithing_table":1,"minecraft:interact_with_furnace":2,"minecraft:mob_kills":5,"minecraft:interact_with_crafting_table":6,"minecraft:open_barrel":60,"minecraft:interact_with_loom":2,"minecraft:pot_flower":1,"minecraft:interact_with_stonecutter":1,"minecraft:leave_game":2,"minecraft:time_since_death":23870,"minecraft:sleep_in_bed":5,"minecraft:climb_one_cm":1312,"minecraft:time_since_rest":23898,"minecraft:sprint_one_cm":90707,"minecraft:damage_taken":1289,"minecraft:walk_one_cm":521392,"minecraft:drop":21,"minecraft:damage_dealt":1159,"minecraft:talked_to_villager":2,"minecraft:fly_one_cm":8662,"minecraft:open_chest":49,"minecraft:crouch_one_cm":2181,"minecraft:play_time":82510,"minecraft:deaths":2,"minecraft:sneak_time":1328,"minecraft:walk_under_water_one_cm":333,"minecraft:jump":663,"minecraft:walk_on_water_one_cm":2746,"minecraft:total_world_time":82510,"minecraft:fall_one_cm":11505},"minecraft:used":{"minecraft:water_bucket":3,"minecraft:oak_planks":5,"minecraft:oak_sign":2,"minecraft:spruce_planks":2,"luminousworld:groundpebbles_1":2,"minecraft:dirt":1,"minecraft:crafting_table":2,"minecraft:carrot":21,"born_in_chaos_v1:corpse_maggot":1,"minecraft:flower_pot":1,"minecraft:apple":10,"minecraft:oak_stairs":1,"minecraft:bread":2,"minecraft:iron_pickaxe":21,"minecraft:golden_helmet":1,"minecraft:stone_axe":3,"minecraft:wooden_sword":45,"minecraft:golden_sword":9,"minecraft:beef":2,"minecraft:bucket":6,"alexsmobs:animal_dictionary":6,"minecraft:tropical_fish_bucket":3,"luminousworld:decorative_brown_mushroom_1":1,"minecraft:experience_bottle":1},"minecraft:killed_by":{"minecraft:enderman":1,"born_in_chaos_v1:scarlet_persecutor":1},"minecraft:dropped":{"minecraft:stone_axe":1,"minecraft:wheat_seeds":4,"minecraft:raw_copper":2,"minecraft:black_carpet":1,"minecraft:rotten_flesh":3,"minecraft:light_gray_carpet":1,"minecraft:apple":1,"minecraft:tropical_fish":1,"supplementaries:ash":1,"luminousworld:groundpebbles_1":1,"minecraft:gold_nugget":1,"minecraft:wooden_sword":1,"minecraft:brown_carpet":1,"minecraft:string":2,"minecraft:gray_carpet":1},"minecraft:crafted":{"minecraft:wooden_sword":1,"minecraft:oak_planks":4,"minecraft:crafting_table":1,"minecraft:spruce_planks":28,"minecraft:stick":4,"minecraft:iron_pickaxe":1}},"DataVersion":3465}