{"stats":{"minecraft:killed":{"minecraft:cave_spider":1,"born_in_chaos_v1:zombie_lumberjack":1,"born_in_chaos_v1:scarlet_persecutor":1,"born_in_chaos_v1:maggot":2,"gnumus:gnumus_hunter":1,"born_in_chaos_v1:baby_skeleton":1,"born_in_chaos_v1:decrepit_skeleton":1,"minecraft:zombie":3,"born_in_chaos_v1:dread_hound":2,"born_in_chaos_v1:corpse_fly":2,"minecraft:cow":1},"minecraft:picked_up":{"luminousworld:groundpebbles_1":3,"minecraft:crafting_table":1,"minecraft:black_carpet":1,"minecraft:flower_pot":1,"minecraft:oak_stairs":1,"minecraft:golden_sword":1,"minecraft:dark_oak_trapdoor":1,"minecraft:string":10,"minecraft:red_bed":1,"minecraft:raw_copper":2,"minecraft:oak_sign":2,"minecraft:gold_nugget":5,"minecraft:spruce_planks":4,"minecraft:beef":2,"minecraft:stick":1,"minecraft:raw_iron":6,"minecraft:acacia_log":2,"minecraft:torch":1,"minecraft:brown_carpet":1,"minecraft:tropical_fish":1,"minecraft:stone_sword":1,"luminousworld:decorative_brown_mushroom_1":1,"minecraft:arrow":1,"minecraft:rotten_flesh":16,"supplementaries:ash":1,"minecraft:iron_bars":6,"born_in_chaos_v1:corpse_maggot":3,"minecraft:lilac":1,"born_in_chaos_v1:monster_flesh":3,"minecraft:leather":2,"minecraft:oak_log":1,"minecraft:dirt":1,"minecraft:lantern":1,"born_in_chaos_v1:monster_skin":1,"minecraft:bone":7,"minecraft:stone_bricks":5,"minecraft:gray_carpet":1,"minecraft:apple":4,"gnumus:gnumus_horn":1,"minecraft:wheat_seeds":10,"minecraft:raw_gold":2,"born_in_chaos_v1:smoked_flesh":3,"minecraft:oak_planks":2,"minecraft:tropical_fish_bucket":1,"born_in_chaos_v1:ethereal_spirit":1,"minecraft:stripped_spruce_log":7,"minecraft:diamond":4,"minecraft:stone_axe":1,"minecraft:blue_ice":6,"minecraft:emerald":1,"minecraft:warped_roots":1,"alexsmobs:maggot":2,"minecraft:light_gray_carpet":1,"minecraft:coal":1},"minecraft:mined":{"luminousworld:groundpebbles_1":1,"minecraft:spruce_planks":4,"minecraft:deepslate_diamond_ore":4,"minecraft:glow_lichen":1,"minecraft:allium":1,"minecraft:grass_block":1,"luminousworld:grassvariant_2":6,"luminousworld:decorative_brown_mushroom_1":1,"minecraft:spruce_leaves":3,"minecraft:oak_wall_sign":2,"minecraft:spawner":1,"minecraft:carrots":1,"luminousworld:yellow_grassflowers":1,"minecraft:dark_oak_trapdoor":1,"minecraft:moss_carpet":1,"minecraft:black_carpet":1,"minecraft:deepslate_iron_ore":6,"minecraft:oak_stairs":1,"minecraft:iron_bars":4,"minecraft:stone":2,"minecraft:light_gray_carpet":1,"minecraft:red_bed":1,"minecraft:brown_carpet":1,"minecraft:poppy":1,"minecraft:potted_warped_roots":1,"minecraft:tall_grass":7,"minecraft:deepslate_coal_ore":2,"biomesoplenty:sprout":15,"minecraft:deepslate_gold_ore":2,"minecraft:oak_planks":2,"minecraft:wall_torch":1,"minecraft:deepslate_copper_ore":1,"minecraft:wheat":1,"minecraft:lilac":1,"minecraft:grass":34,"minecraft:oak_log":1,"minecraft:dirt":1,"minecraft:gray_carpet":1,"luminousworld:grassvariant_3":2,"minecraft:cobweb":4,"minecraft:stone_bricks":5,"minecraft:deepslate_emerald_ore":1,"minecraft:oak_leaves":1,"minecraft:fern":1},"minecraft:custom":{"minecraft:interact_with_smithing_table":1,"minecraft:mob_kills":16,"minecraft:interact_with_crafting_table":6,"minecraft:open_barrel":78,"minecraft:leave_game":3,"minecraft:time_since_death":41823,"minecraft:climb_one_cm":2888,"minecraft:sprint_one_cm":111706,"minecraft:walk_one_cm":676765,"minecraft:drop":40,"minecraft:damage_dealt_absorbed":40,"minecraft:talked_to_villager":2,"minecraft:play_time":100463,"minecraft:deaths":2,"minecraft:sneak_time":1566,"minecraft:walk_under_water_one_cm":333,"minecraft:jump":881,"minecraft:walk_on_water_one_cm":2746,"minecraft:total_world_time":100463,"minecraft:interact_with_furnace":2,"minecraft:interact_with_loom":2,"minecraft:pot_flower":1,"minecraft:interact_with_stonecutter":1,"minecraft:sleep_in_bed":5,"minecraft:time_since_rest":41851,"minecraft:damage_taken":1660,"minecraft:damage_dealt":2473,"minecraft:fly_one_cm":12198,"minecraft:open_chest":52,"minecraft:crouch_one_cm":2889,"minecraft:fall_one_cm":14853},"minecraft:used":{"minecraft:stone_sword":121,"minecraft:oak_sign":2,"minecraft:spruce_planks":8,"minecraft:torch":7,"minecraft:dirt":1,"minecraft:carrot":21,"born_in_chaos_v1:corpse_maggot":1,"minecraft:oak_stairs":1,"minecraft:golden_sword":27,"minecraft:bow":9,"minecraft:beef":2,"luminousworld:decorative_brown_mushroom_1":1,"minecraft:water_bucket":3,"minecraft:oak_planks":5,"luminousworld:groundpebbles_1":2,"minecraft:dark_oak_trapdoor":1,"minecraft:crafting_table":3,"minecraft:flower_pot":1,"minecraft:apple":10,"minecraft:bread":9,"minecraft:iron_pickaxe":29,"minecraft:golden_helmet":1,"minecraft:stone_axe":3,"minecraft:wooden_sword":45,"minecraft:bucket":6,"alexsmobs:animal_dictionary":7,"minecraft:tropical_fish_bucket":3,"minecraft:experience_bottle":1},"minecraft:killed_by":{"minecraft:enderman":1,"born_in_chaos_v1:scarlet_persecutor":1},"minecraft:broken":{"minecraft:golden_helmet":1,"minecraft:golden_sword":1},"minecraft:crafted":{"minecraft:wooden_sword":1,"minecraft:oak_planks":4,"minecraft:crafting_table":2,"minecraft:spruce_planks":28,"minecraft:stick":4,"minecraft:iron_pickaxe":1},"minecraft:dropped":{"minecraft:iron_ingot":1,"minecraft:wheat_seeds":5,"minecraft:lilac":1,"minecraft:lantern":1,"minecraft:apple":1,"minecraft:tropical_fish":1,"born_in_chaos_v1:monster_skin":1,"minecraft:gold_nugget":7,"minecraft:wooden_sword":1,"minecraft:string":2,"minecraft:gray_carpet":1,"minecraft:bone":13,"minecraft:stone_axe":1,"minecraft:raw_copper":2,"minecraft:black_carpet":1,"minecraft:rotten_flesh":3,"minecraft:light_gray_carpet":1,"supplementaries:ash":1,"luminousworld:groundpebbles_1":1,"minecraft:blue_ice":6,"minecraft:brown_carpet":1,"minecraft:iron_bars":6}},"DataVersion":3465}