{"stats":{"minecraft:used":{"minecraft:iron_bars":2,"minecraft:stone_sword":142,"minecraft:acacia_log":1,"minecraft:oak_sign":2,"minecraft:spruce_planks":11,"minecraft:shield":13,"minecraft:torch":25,"minecraft:dirt":1,"minecraft:carrot":21,"born_in_chaos_v1:corpse_maggot":1,"minecraft:oak_stairs":1,"minecraft:bow":15,"minecraft:golden_sword":27,"minecraft:beef":2,"minecraft:acacia_planks":1,"luminousworld:decorative_brown_mushroom_1":1,"minecraft:water_bucket":3,"minecraft:oak_planks":5,"luminousworld:groundpebbles_1":2,"minecraft:dark_oak_trapdoor":1,"minecraft:crafting_table":3,"minecraft:flower_pot":1,"minecraft:apple":12,"minecraft:bread":15,"minecraft:iron_pickaxe":59,"minecraft:golden_helmet":1,"minecraft:stone_axe":3,"minecraft:diamond_sword":55,"minecraft:wooden_sword":45,"minecraft:bucket":6,"alexsmobs:animal_dictionary":7,"minecraft:tropical_fish_bucket":3,"minecraft:experience_bottle":1},"minecraft:mined":{"luminousworld:groundpebbles_1":1,"minecraft:spruce_planks":4,"minecraft:deepslate_diamond_ore":4,"minecraft:glow_lichen":1,"minecraft:allium":1,"minecraft:acacia_log":1,"minecraft:grass_block":1,"luminousworld:grassvariant_2":6,"luminousworld:decorative_brown_mushroom_1":1,"minecraft:spruce_leaves":3,"minecraft:oak_wall_sign":2,"minecraft:spawner":4,"minecraft:tall_seagrass":1,"luminousworld:yellow_grassflowers":1,"minecraft:carrots":1,"minecraft:dark_oak_trapdoor":1,"minecraft:iron_ore":10,"minecraft:moss_carpet":1,"minecraft:black_carpet":1,"minecraft:deepslate_iron_ore":6,"minecraft:oak_stairs":1,"minecraft:iron_bars":8,"minecraft:stone":5,"minecraft:light_gray_carpet":1,"minecraft:red_bed":1,"minecraft:brown_carpet":1,"minecraft:torch":1,"minecraft:poppy":1,"minecraft:potted_warped_roots":1,"minecraft:tall_grass":8,"minecraft:deepslate_coal_ore":2,"biomesoplenty:sprout":15,"minecraft:deepslate_gold_ore":2,"minecraft:oak_planks":2,"minecraft:wall_torch":1,"minecraft:deepslate_copper_ore":1,"spelunkers_charm:rock_pile_3":1,"minecraft:wheat":1,"minecraft:lilac":1,"minecraft:grass":34,"minecraft:oak_log":1,"minecraft:coal_ore":9,"luminousworld:ishstone":1,"minecraft:dirt":1,"minecraft:gray_carpet":1,"luminousworld:grassvariant_3":2,"minecraft:cobweb":4,"minecraft:stone_bricks":5,"minecraft:acacia_planks":1,"minecraft:deepslate_emerald_ore":1,"minecraft:oak_leaves":1,"minecraft:fern":1},"minecraft:killed":{"born_in_chaos_v1:zombie_clown":1,"minecraft:cave_spider":1,"born_in_chaos_v1:zombie_lumberjack":1,"minecraft:spider":1,"born_in_chaos_v1:maggot":2,"born_in_chaos_v1:scarlet_persecutor":1,"minecraft:skeleton":1,"gnumus:gnumus_hunter":3,"aquaculture:carp":1,"born_in_chaos_v1:baby_skeleton":1,"born_in_chaos_v1:decrepit_skeleton":1,"minecraft:zombie":5,"born_in_chaos_v1:dread_hound":2,"born_in_chaos_v1:corpse_fly":2,"minecraft:cow":1},"minecraft:picked_up":{"luminousworld:groundpebbles_1":3,"minecraft:crafting_table":1,"minecraft:black_carpet":1,"minecraft:flower_pot":1,"gnumus:gnumus_claw":1,"minecraft:oak_stairs":1,"minecraft:golden_sword":1,"minecraft:dark_oak_trapdoor":1,"minecraft:string":11,"minecraft:red_bed":1,"minecraft:raw_copper":2,"born_in_chaos_v1:intoxicating_decoction":2,"minecraft:oak_sign":2,"minecraft:gold_nugget":5,"minecraft:spruce_planks":4,"minecraft:beef":2,"minecraft:stick":4,"minecraft:raw_iron":16,"minecraft:torch":25,"minecraft:acacia_log":3,"minecraft:brown_carpet":1,"minecraft:stone_sword":1,"luminousworld:decorative_brown_mushroom_1":1,"minecraft:arrow":3,"minecraft:rotten_flesh":19,"minecraft:tropical_fish":1,"supplementaries:ash":1,"minecraft:iron_bars":9,"minecraft:cobblestone":3,"born_in_chaos_v1:corpse_maggot":3,"gnumus:gnumus_doubloons":2,"minecraft:lilac":1,"born_in_chaos_v1:monster_flesh":3,"luminousworld:ishstone":1,"minecraft:leather":4,"gnumus:gnumus_pouch":2,"minecraft:oak_log":5,"minecraft:dirt":1,"minecraft:lantern":1,"born_in_chaos_v1:monster_skin":1,"minecraft:bone":8,"minecraft:acacia_planks":1,"minecraft:gray_carpet":1,"minecraft:apple":4,"minecraft:stone_bricks":5,"gnumus:gnumus_horn":1,"minecraft:wheat_seeds":10,"minecraft:raw_gold":2,"born_in_chaos_v1:smoked_flesh":3,"luminousworld:white_petunias":1,"minecraft:oak_planks":2,"minecraft:tropical_fish_bucket":1,"born_in_chaos_v1:ethereal_spirit":1,"minecraft:stripped_spruce_log":7,"minecraft:spider_eye":1,"minecraft:diamond":4,"minecraft:stone_axe":1,"gnumus:gnumus_clay":5,"minecraft:blue_ice":6,"minecraft:warped_roots":1,"minecraft:emerald":1,"minecraft:bread":1,"alexsmobs:maggot":2,"minecraft:light_gray_carpet":1,"spelunkers_charm:rock":3,"minecraft:coal":10},"minecraft:killed_by":{"minecraft:enderman":1,"minecraft:skeleton":1,"born_in_chaos_v1:scarlet_persecutor":1},"minecraft:custom":{"minecraft:interact_with_smithing_table":1,"minecraft:mob_kills":24,"minecraft:interact_with_crafting_table":15,"minecraft:open_barrel":78,"minecraft:leave_game":7,"minecraft:time_since_death":7924,"minecraft:climb_one_cm":2888,"minecraft:sprint_one_cm":131627,"minecraft:walk_one_cm":830946,"minecraft:damage_blocked_by_shield":420,"minecraft:drop":64,"minecraft:damage_dealt_absorbed":40,"minecraft:talked_to_villager":2,"minecraft:play_time":137626,"minecraft:deaths":3,"minecraft:sneak_time":2839,"minecraft:walk_under_water_one_cm":3235,"minecraft:jump":1108,"minecraft:walk_on_water_one_cm":11206,"minecraft:total_world_time":137626,"minecraft:interact_with_furnace":8,"minecraft:interact_with_loom":2,"minecraft:pot_flower":1,"minecraft:interact_with_stonecutter":1,"minecraft:sleep_in_bed":7,"minecraft:time_since_rest":3405,"minecraft:damage_taken":2355,"minecraft:damage_dealt":3848,"minecraft:swim_one_cm":18130,"minecraft:fly_one_cm":20105,"minecraft:open_chest":83,"minecraft:crouch_one_cm":9334,"minecraft:fall_one_cm":17741},"minecraft:dropped":{"minecraft:bread":1,"minecraft:iron_ingot":1,"minecraft:wheat_seeds":9,"minecraft:lilac":1,"luminousworld:ishstone":1,"minecraft:dark_oak_sapling":3,"minecraft:lantern":1,"minecraft:apple":1,"minecraft:tropical_fish":1,"born_in_chaos_v1:monster_skin":1,"minecraft:torch":17,"minecraft:wooden_sword":1,"minecraft:gold_nugget":7,"minecraft:string":2,"minecraft:gray_carpet":1,"minecraft:bone":13,"minecraft:stone_axe":1,"minecraft:raw_copper":2,"minecraft:black_carpet":1,"minecraft:rotten_flesh":12,"minecraft:light_gray_carpet":1,"supplementaries:ash":1,"luminousworld:groundpebbles_1":1,"minecraft:blue_ice":6,"spelunkers_charm:rock":3,"minecraft:brown_carpet":1,"minecraft:iron_bars":7},"minecraft:broken":{"minecraft:golden_helmet":1,"minecraft:golden_sword":1},"minecraft:crafted":{"minecraft:wooden_sword":1,"minecraft:oak_planks":4,"minecraft:iron_boots":1,"quark:spruce_chest":1,"minecraft:diamond_sword":1,"sophisticatedbackpacks:backpack":1,"minecraft:crafting_table":2,"minecraft:spruce_planks":28,"minecraft:iron_helmet":1,"minecraft:shield":1,"minecraft:stick":4,"minecraft:iron_ingot":16,"minecraft:iron_pickaxe":1,"minecraft:gold_ingot":2,"minecraft:acacia_planks":8,"minecraft:torch":8}},"DataVersion":3465}