{"stats":{"minecraft:killed":{"born_in_chaos_v1:zombie_clown":1,"minecraft:cave_spider":1,"born_in_chaos_v1:zombie_lumberjack":1,"minecraft:spider":2,"born_in_chaos_v1:maggot":4,"born_in_chaos_v1:scarlet_persecutor":1,"minecraft:skeleton":1,"gnumus:gnumus_hunter":5,"aquaculture:carp":1,"minecraft:husk":1,"born_in_chaos_v1:baby_skeleton":1,"born_in_chaos_v1:decrepit_skeleton":2,"minecraft:zombie":6,"born_in_chaos_v1:dread_hound":3,"born_in_chaos_v1:corpse_fly":3,"born_in_chaos_v1:dark_vortex":1,"minecraft:cow":1},"minecraft:picked_up":{"minecraft:black_carpet":10,"luminousworld:groundpebbles_1":7,"minecraft:crafting_table":1,"minecraft:azure_bluet":8,"minecraft:flower_pot":1,"gnumus:gnumus_claw":2,"minecraft:oak_stairs":1,"minecraft:stone_brick_stairs":1,"minecraft:golden_sword":1,"minecraft:dark_oak_trapdoor":1,"minecraft:string":11,"minecraft:red_bed":2,"minecraft:raw_copper":2,"minecraft:flint_and_steel":1,"born_in_chaos_v1:intoxicating_decoction":2,"minecraft:oak_sign":2,"minecraft:gold_nugget":5,"minecraft:bucket":1,"minecraft:spruce_planks":4,"minecraft:beef":2,"biomesoplenty:sprout":10,"minecraft:raw_iron":16,"minecraft:stick":4,"minecraft:green_bed":1,"minecraft:acacia_log":3,"minecraft:torch":25,"biomesoplenty:wilted_lily":2,"minecraft:blue_carpet":6,"minecraft:brown_carpet":1,"minecraft:arrow":3,"luminousworld:decorative_brown_mushroom_1":1,"minecraft:stone_sword":1,"minecraft:rotten_flesh":31,"minecraft:tropical_fish":1,"minecraft:shears":1,"minecraft:totem_of_undying":1,"supplementaries:ash":1,"gnumus:mouse_skin":4,"minecraft:glow_berries":4,"minecraft:iron_bars":9,"minecraft:cobblestone":6,"born_in_chaos_v1:corpse_maggot":7,"gnumus:gnumus_doubloons":2,"minecraft:lilac":1,"born_in_chaos_v1:monster_flesh":4,"biomesoplenty:dried_salt":8,"gnumus:overripe_carrot":3,"luminousworld:ishstone":1,"minecraft:leather":4,"minecraft:potato":4,"gnumus:gnumus_pouch":3,"minecraft:oak_log":5,"minecraft:dirt":10,"minecraft:lantern":1,"gnumus:gnumus_pouch_2":1,"born_in_chaos_v1:monster_skin":2,"minecraft:bone":13,"minecraft:acacia_planks":1,"minecraft:apple":4,"minecraft:stone_bricks":5,"minecraft:gray_carpet":6,"gnumus:gnumus_horn":1,"minecraft:bow":1,"minecraft:wheat_seeds":16,"minecraft:raw_gold":2,"born_in_chaos_v1:smoked_flesh":3,"luminousworld:white_petunias":2,"minecraft:oak_planks":2,"biomesoplenty:toadstool":3,"minecraft:tropical_fish_bucket":1,"born_in_chaos_v1:ethereal_spirit":3,"biomesoplenty:dead_planks":48,"born_in_chaos_v1:dark_rod":1,"minecraft:stripped_spruce_log":7,"minecraft:spider_eye":1,"minecraft:jungle_leaves":34,"minecraft:diamond":4,"minecraft:stone_axe":1,"gnumus:gnumus_clay":16,"minecraft:blue_ice":6,"minecraft:grass":9,"minecraft:bread":1,"minecraft:emerald":1,"minecraft:warped_roots":1,"alexsmobs:maggot":2,"spelunkers_charm:rock":3,"minecraft:light_gray_carpet":8,"minecraft:coal":10},"minecraft:mined":{"minecraft:blue_carpet":1,"luminousworld:groundpebbles_1":1,"minecraft:spruce_planks":4,"minecraft:deepslate_diamond_ore":4,"biomesoplenty:desert_grass":1,"minecraft:jungle_leaves":37,"minecraft:glow_lichen":1,"minecraft:cave_vines_plant":9,"minecraft:acacia_log":1,"minecraft:allium":1,"minecraft:grass_block":8,"luminousworld:grassvariant_2":6,"luminousworld:decorative_brown_mushroom_1":1,"minecraft:spruce_leaves":3,"biomesoplenty:dead_grass":1,"minecraft:oak_wall_sign":2,"minecraft:spawner":4,"minecraft:tall_seagrass":1,"luminousworld:yellow_grassflowers":1,"minecraft:carrots":1,"minecraft:dark_oak_trapdoor":1,"minecraft:iron_ore":10,"minecraft:fire":6,"minecraft:moss_carpet":1,"minecraft:black_carpet":1,"minecraft:dirt_path":1,"minecraft:cave_vines":19,"minecraft:deepslate_iron_ore":6,"minecraft:vine":6,"minecraft:oak_stairs":1,"minecraft:iron_bars":8,"luminousworld:groundpebbles_2":1,"minecraft:stone":8,"minecraft:green_bed":1,"minecraft:light_gray_carpet":2,"minecraft:acacia_leaves":2,"minecraft:glass_pane":4,"minecraft:red_bed":2,"minecraft:brown_carpet":1,"minecraft:torch":1,"minecraft:poppy":1,"minecraft:potted_warped_roots":1,"minecraft:tall_grass":8,"minecraft:deepslate_coal_ore":2,"biomesoplenty:sprout":15,"minecraft:deepslate_gold_ore":2,"minecraft:oak_planks":2,"minecraft:wall_torch":1,"minecraft:deepslate_copper_ore":1,"spelunkers_charm:rock_pile_3":1,"minecraft:wheat":1,"minecraft:lilac":1,"minecraft:stone_brick_stairs":1,"minecraft:grass":42,"biomesoplenty:clover":5,"minecraft:oak_log":1,"minecraft:coal_ore":9,"luminousworld:ishstone":1,"minecraft:dirt":3,"minecraft:gray_carpet":3,"luminousworld:grassvariant_3":2,"minecraft:cobweb":4,"minecraft:acacia_planks":1,"minecraft:stone_bricks":5,"minecraft:deepslate_emerald_ore":1,"minecraft:oak_leaves":7,"minecraft:fern":1},"minecraft:custom":{"minecraft:interact_with_smithing_table":1,"minecraft:mob_kills":35,"minecraft:interact_with_crafting_table":20,"minecraft:open_barrel":90,"minecraft:bell_ring":3,"minecraft:leave_game":7,"minecraft:time_since_death":33333,"minecraft:climb_one_cm":3082,"minecraft:sprint_one_cm":386235,"minecraft:walk_one_cm":1391984,"minecraft:damage_blocked_by_shield":420,"minecraft:drop":141,"minecraft:damage_dealt_absorbed":40,"minecraft:talked_to_villager":2,"minecraft:deaths":8,"minecraft:play_time":253417,"minecraft:sneak_time":5866,"minecraft:walk_under_water_one_cm":9693,"minecraft:jump":2395,"minecraft:walk_on_water_one_cm":19697,"minecraft:total_world_time":253417,"minecraft:interact_with_furnace":8,"minecraft:interact_with_loom":2,"minecraft:pot_flower":1,"minecraft:interact_with_stonecutter":1,"minecraft:sleep_in_bed":14,"minecraft:time_since_rest":13393,"minecraft:waystone_activated":5,"minecraft:damage_taken":4379,"minecraft:damage_dealt":6126,"minecraft:fly_one_cm":84283,"minecraft:swim_one_cm":27172,"minecraft:open_chest":101,"minecraft:crouch_one_cm":17929,"minecraft:fall_one_cm":51170},"minecraft:used":{"minecraft:stone_sword":142,"minecraft:jungle_leaves":12,"minecraft:iron_bars":2,"minecraft:acacia_log":1,"minecraft:light_gray_carpet":1,"minecraft:oak_sign":2,"minecraft:spruce_planks":11,"minecraft:shield":13,"minecraft:torch":26,"minecraft:dirt":10,"minecraft:carrot":21,"born_in_chaos_v1:corpse_maggot":1,"minecraft:oak_stairs":1,"minecraft:stone_brick_stairs":1,"minecraft:bow":15,"minecraft:golden_sword":27,"minecraft:beef":2,"minecraft:egg":2,"moonsweaponry:diamond_katana":119,"minecraft:potato":23,"minecraft:acacia_planks":2,"luminousworld:decorative_brown_mushroom_1":1,"minecraft:water_bucket":31,"minecraft:gray_carpet":2,"minecraft:baked_potato":3,"minecraft:oak_planks":16,"gnumus:overripe_carrot":3,"luminousworld:groundpebbles_1":2,"minecraft:glow_berries":10,"minecraft:dark_oak_trapdoor":1,"minecraft:crafting_table":5,"minecraft:red_bed":1,"minecraft:shears":34,"minecraft:flower_pot":1,"minecraft:apple":13,"gnumus:gnumus_chickpeas":2,"minecraft:bread":28,"minecraft:iron_pickaxe":63,"minecraft:golden_helmet":1,"minecraft:stone_axe":3,"minecraft:blue_carpet":1,"minecraft:diamond_sword":118,"minecraft:wooden_sword":45,"minecraft:cobblestone":1,"minecraft:bucket":34,"alexsmobs:animal_dictionary":7,"minecraft:tropical_fish_bucket":3,"minecraft:experience_bottle":1},"minecraft:killed_by":{"born_in_chaos_v1:nightmare_stalker":3,"minecraft:enderman":1,"born_in_chaos_v1:zombie_bruiser":1,"minecraft:skeleton":1,"born_in_chaos_v1:scarlet_persecutor":1},"minecraft:broken":{"minecraft:golden_helmet":1,"minecraft:golden_sword":1},"minecraft:crafted":{"minecraft:wooden_sword":1,"minecraft:oak_planks":20,"minecraft:iron_boots":1,"quark:spruce_chest":1,"minecraft:diamond_sword":1,"sophisticatedbackpacks:backpack":1,"minecraft:crafting_table":4,"minecraft:spruce_planks":28,"minecraft:iron_helmet":1,"minecraft:shield":1,"minecraft:stick":4,"minecraft:iron_ingot":16,"minecraft:iron_pickaxe":1,"minecraft:gold_ingot":2,"minecraft:acacia_planks":8,"minecraft:torch":8,"minecraft:shears":1,"moonsweaponry:diamond_katana":1},"minecraft:dropped":{"minecraft:bread":1,"minecraft:iron_ingot":1,"biomesoplenty:dead_planks":48,"minecraft:wheat_seeds":13,"minecraft:lilac":1,"luminousworld:ishstone":1,"minecraft:diamond":2,"luminousworld:white_petunias":2,"minecraft:dark_oak_sapling":3,"minecraft:lantern":1,"minecraft:apple":1,"minecraft:tropical_fish":1,"born_in_chaos_v1:monster_flesh":1,"minecraft:grass":6,"born_in_chaos_v1:monster_skin":2,"minecraft:torch":17,"minecraft:wooden_sword":1,"biomesoplenty:wilted_lily":2,"minecraft:jungle_leaves":22,"minecraft:gold_nugget":7,"minecraft:string":2,"minecraft:bucket":1,"minecraft:gray_carpet":1,"minecraft:bone":14,"biomesoplenty:toadstool":3,"biomesoplenty:dried_salt":4,"minecraft:stone_axe":1,"minecraft:raw_copper":2,"minecraft:black_carpet":2,"minecraft:green_bed":1,"born_in_chaos_v1:ethereal_spirit":1,"minecraft:rotten_flesh":29,"minecraft:light_gray_carpet":1,"minecraft:totem_of_undying":1,"minecraft:shears":1,"minecraft:flint_and_steel":1,"biomesoplenty:sprout":10,"supplementaries:ash":1,"luminousworld:groundpebbles_1":5,"born_in_chaos_v1:corpse_maggot":4,"minecraft:blue_ice":6,"spelunkers_charm:rock":3,"gnumus:gnumus_chickpeas":1,"minecraft:brown_carpet":1,"minecraft:iron_bars":7,"minecraft:bow":1}},"DataVersion":3465}