{"stats":{"minecraft:mined":{"minecraft:tuff":1,"minecraft:spruce_planks":2,"minecraft:jungle_slab":1,"minecraft:glow_lichen":1,"minecraft:oak_fence":1,"minecraft:crafting_table":6,"minecraft:cave_vines_plant":1,"minecraft:dark_oak_wood":5,"minecraft:grass_block":1,"minecraft:melon":3,"biomesoplenty:high_grass_plant":33,"minecraft:tall_grass":2,"biomesoplenty:sprout":3,"minecraft:moss_block":1,"minecraft:oak_planks":3,"minecraft:wall_torch":1,"minecraft:hay_block":11,"biomesoplenty:orange_autumn_sapling":1,"minecraft:jungle_wood":11,"minecraft:furnace":1,"minecraft:iron_ore":72,"treechop:chopped_log":9,"minecraft:white_wall_banner":1,"minecraft:grass":14,"biomesoplenty:high_grass":26,"immersive_weathering:biomesoplenty/orange_autumn_leaf_pile":1,"minecraft:coal_ore":38,"minecraft:oak_log":13,"minecraft:deepslate_iron_ore":2,"minecraft:oak_stairs":1,"minecraft:sand":19,"minecraft:stone":22,"minecraft:deepslate":9,"minecraft:spruce_slab":1,"minecraft:oak_leaves":2,"minecraft:fern":3},"minecraft:used":{"minecraft:moss_block":1,"minecraft:stone_sword":36,"born_in_chaos_v1:ethereal_spirit":5,"minecraft:stone_pickaxe":99,"minecraft:torch":6,"minecraft:crafting_table":6,"minecraft:carrot":2,"biomesoplenty:orange_autumn_sapling":1,"minecraft:oak_log":45,"alexsmobs:flying_fish":1,"minecraft:wooden_axe":46,"minecraft:apple":2,"minecraft:melon_slice":3,"minecraft:bread":12,"minecraft:iron_pickaxe":52,"minecraft:stone_axe":110,"minecraft:dark_oak_boat":2,"minecraft:furnace":1,"alexsmobs:animal_dictionary":1,"minecraft:cobbled_deepslate":3},"minecraft:killed":{"born_in_chaos_v1:restless_spirit":1,"born_in_chaos_v1:door_knight_not_despawn":1,"born_in_chaos_v1:siamese_skeletonsright":1,"minecraft:zombie":1,"born_in_chaos_v1:siamese_skeletonsleft":1},"minecraft:picked_up":{"born_in_chaos_v1:fused_bone":2,"minecraft:crafting_table":6,"minecraft:dark_oak_boat":1,"minecraft:lead":3,"biomesoplenty:orange_autumn_sapling":14,"minecraft:oak_stairs":1,"minecraft:tuff":1,"minecraft:oak_log":45,"minecraft:white_banner":1,"minecraft:dirt":1,"minecraft:apple":2,"minecraft:cobbled_deepslate":9,"minecraft:melon_slice":13,"minecraft:moss_block":1,"minecraft:oak_planks":3,"minecraft:furnace":1,"minecraft:stick":20,"minecraft:raw_iron":74,"minecraft:oak_fence":1,"minecraft:dandelion":1,"minecraft:torch":2,"born_in_chaos_v1:ethereal_spirit":1,"minecraft:sand":16,"minecraft:spruce_sapling":3,"minecraft:carrot":1,"minecraft:spruce_log":18,"minecraft:dark_oak_log":21,"biomesoplenty:maple_sapling":4,"minecraft:rotten_flesh":2,"minecraft:stone_axe":1,"minecraft:hay_block":11,"minecraft:oak_sapling":3,"minecraft:dark_oak_wood":1,"minecraft:coal":38,"alexsmobs:flying_fish":1,"minecraft:cobblestone":20},"minecraft:killed_by":{"luminousworld:miner_skeleton":1},"minecraft:custom":{"minecraft:interact_with_furnace":11,"minecraft:mob_kills":6,"minecraft:interact_with_crafting_table":9,"minecraft:open_barrel":23,"minecraft:damage_dealt_resisted":1015,"minecraft:leave_game":6,"minecraft:time_since_death":76904,"minecraft:sleep_in_bed":1,"minecraft:climb_one_cm":1183,"minecraft:waystone_activated":1,"minecraft:time_since_rest":74802,"minecraft:sprint_one_cm":103551,"minecraft:damage_taken":1099,"minecraft:walk_one_cm":174792,"minecraft:drop":1,"minecraft:damage_dealt":1679,"minecraft:talked_to_villager":7,"minecraft:swim_one_cm":28515,"minecraft:fly_one_cm":88969,"minecraft:open_chest":6,"minecraft:crouch_one_cm":1789,"minecraft:play_time":93001,"minecraft:deaths":1,"minecraft:sneak_time":1545,"minecraft:walk_under_water_one_cm":12324,"minecraft:jump":743,"minecraft:walk_on_water_one_cm":18069,"minecraft:total_world_time":93001,"minecraft:fall_one_cm":20897},"minecraft:dropped":{"minecraft:stone_axe":1},"minecraft:broken":{"minecraft:stone_pickaxe":1,"minecraft:stone_axe":1},"minecraft:crafted":{"minecraft:dark_oak_boat":1,"minecraft:crafting_table":1,"minecraft:wooden_pickaxe":1,"minecraft:iron_helmet":1,"minecraft:furnace":1,"minecraft:stone_axe":1,"minecraft:bread":12,"minecraft:air":0,"minecraft:iron_chestplate":1,"minecraft:iron_boots":1,"minecraft:stick":4,"minecraft:iron_ingot":64,"minecraft:iron_pickaxe":1,"minecraft:stone_pickaxe":1,"minecraft:wooden_axe":1,"minecraft:stone_sword":1,"minecraft:iron_leggings":1,"minecraft:dark_oak_planks":28,"minecraft:torch":4,"minecraft:wheat":99}},"DataVersion":3465}