{"stats":{"minecraft:killed":{"born_in_chaos_v1:restless_spirit":1,"born_in_chaos_v1:spirit_guide_assistant":2,"born_in_chaos_v1:door_knight_not_despawn":1,"born_in_chaos_v1:siamese_skeletonsright":1,"born_in_chaos_v1:decrepit_skeleton":1,"minecraft:zombie":2,"born_in_chaos_v1:siamese_skeletonsleft":1},"minecraft:picked_up":{"born_in_chaos_v1:fused_bone":2,"minecraft:crafting_table":6,"minecraft:dark_oak_boat":1,"minecraft:lead":7,"biomesoplenty:orange_autumn_sapling":14,"minecraft:oak_stairs":1,"minecraft:tuff":1,"minecraft:oak_log":45,"minecraft:stripped_birch_log":2,"minecraft:white_banner":1,"minecraft:dirt":1,"minecraft:apple":2,"minecraft:wheat_seeds":1,"minecraft:cobbled_deepslate":9,"minecraft:redstone_torch":1,"minecraft:moss_block":1,"minecraft:melon_slice":13,"minecraft:sugar_cane":94,"minecraft:oak_planks":3,"minecraft:furnace":1,"minecraft:stick":22,"minecraft:raw_iron":87,"minecraft:oak_fence":1,"minecraft:dandelion":1,"minecraft:torch":4,"born_in_chaos_v1:ethereal_spirit":1,"minecraft:sand":25,"minecraft:spruce_sapling":3,"minecraft:spruce_boat":1,"minecraft:carrot":1,"minecraft:spruce_log":18,"minecraft:green_carpet":6,"minecraft:dark_oak_log":21,"biomesoplenty:maple_sapling":4,"minecraft:rotten_flesh":5,"minecraft:diamond":1,"minecraft:stone_axe":1,"minecraft:hay_block":11,"alexsmobs:flying_fish":1,"minecraft:oak_sapling":7,"minecraft:dark_oak_wood":1,"minecraft:coal":38,"minecraft:cobblestone":21},"minecraft:mined":{"minecraft:tuff":1,"minecraft:spruce_planks":2,"minecraft:glass_pane":2,"minecraft:deepslate_diamond_ore":3,"minecraft:jungle_slab":1,"minecraft:stripped_birch_log":3,"minecraft:oak_fence":1,"minecraft:crafting_table":6,"minecraft:glow_lichen":1,"minecraft:torch":1,"minecraft:cave_vines_plant":1,"minecraft:dark_oak_wood":5,"minecraft:grass_block":2,"minecraft:melon":3,"minecraft:dead_bush":1,"biomesoplenty:high_grass_plant":33,"minecraft:cobblestone":1,"minecraft:tall_grass":2,"biomesoplenty:sprout":3,"minecraft:sugar_cane":60,"minecraft:moss_block":1,"minecraft:oak_planks":3,"minecraft:wall_torch":2,"minecraft:hay_block":11,"biomesoplenty:orange_autumn_sapling":1,"minecraft:jungle_wood":11,"minecraft:furnace":1,"minecraft:iron_ore":72,"treechop:chopped_log":9,"minecraft:white_wall_banner":1,"minecraft:grass":15,"biomesoplenty:high_grass":26,"minecraft:oak_log":13,"minecraft:coal_ore":38,"immersive_weathering:biomesoplenty/orange_autumn_leaf_pile":1,"minecraft:deepslate_iron_ore":15,"minecraft:oak_stairs":1,"minecraft:sand":29,"minecraft:dirt":5,"minecraft:green_carpet":6,"minecraft:stone":24,"minecraft:spruce_slab":1,"minecraft:oak_leaves":2,"minecraft:deepslate":9,"minecraft:fern":3},"minecraft:custom":{"minecraft:interact_with_furnace":11,"minecraft:mob_kills":10,"minecraft:open_barrel":23,"minecraft:interact_with_crafting_table":12,"minecraft:damage_dealt_resisted":1015,"minecraft:interact_with_grindstone":1,"minecraft:leave_game":8,"minecraft:time_since_death":6422,"minecraft:sleep_in_bed":1,"minecraft:climb_one_cm":3346,"minecraft:time_since_rest":6465,"minecraft:waystone_activated":1,"minecraft:sprint_one_cm":140695,"minecraft:damage_taken":1587,"minecraft:walk_one_cm":234728,"minecraft:drop":10,"minecraft:damage_dealt":2187,"minecraft:talked_to_villager":7,"minecraft:swim_one_cm":34122,"minecraft:fly_one_cm":131742,"minecraft:open_chest":7,"minecraft:crouch_one_cm":2424,"minecraft:play_time":118030,"minecraft:deaths":3,"minecraft:sneak_time":1650,"minecraft:walk_under_water_one_cm":22901,"minecraft:jump":1187,"minecraft:walk_on_water_one_cm":22306,"minecraft:total_world_time":118030,"minecraft:fall_one_cm":31020},"minecraft:used":{"minecraft:moss_block":1,"minecraft:stone_sword":40,"minecraft:stripped_birch_log":2,"born_in_chaos_v1:ethereal_spirit":5,"minecraft:stone_pickaxe":103,"minecraft:sugar_cane":3,"minecraft:torch":7,"minecraft:crafting_table":9,"minecraft:carrot":2,"biomesoplenty:orange_autumn_sapling":1,"minecraft:redstone_torch":1,"minecraft:spruce_boat":2,"alexsmobs:flying_fish":1,"minecraft:oak_log":45,"minecraft:wooden_axe":57,"minecraft:apple":2,"minecraft:bread":14,"minecraft:melon_slice":5,"minecraft:iron_pickaxe":69,"minecraft:green_carpet":2,"minecraft:stone_axe":110,"minecraft:cobblestone":5,"minecraft:dark_oak_boat":3,"minecraft:furnace":1,"alexsmobs:animal_dictionary":1,"minecraft:cobbled_deepslate":6},"minecraft:killed_by":{"born_in_chaos_v1:skeleton_thrasher":1,"luminousworld:miner_skeleton":1},"minecraft:broken":{"minecraft:stone_pickaxe":1,"minecraft:stone_axe":1,"minecraft:wooden_axe":1},"minecraft:crafted":{"minecraft:dark_oak_boat":2,"minecraft:crafting_table":3,"minecraft:spruce_planks":64,"minecraft:wooden_pickaxe":1,"minecraft:iron_helmet":1,"minecraft:furnace":1,"minecraft:stone_axe":1,"minecraft:bread":12,"minecraft:air":0,"minecraft:iron_chestplate":1,"minecraft:iron_boots":1,"minecraft:stick":4,"minecraft:iron_ingot":64,"minecraft:iron_pickaxe":1,"minecraft:stone_pickaxe":1,"minecraft:wooden_axe":1,"minecraft:stone_sword":1,"minecraft:iron_leggings":1,"minecraft:spruce_boat":2,"minecraft:dark_oak_planks":28,"minecraft:torch":4,"minecraft:wheat":99},"minecraft:dropped":{"minecraft:stone_axe":1,"minecraft:rotten_flesh":3,"minecraft:lead":4,"minecraft:oak_sapling":4,"minecraft:dark_oak_planks":2}},"DataVersion":3465}