{"stats":{"minecraft:mined":{"minecraft:spruce_planks":2,"minecraft:oak_fence":1,"minecraft:crafting_table":5,"minecraft:cave_vines_plant":1,"minecraft:dark_oak_wood":5,"minecraft:grass_block":1,"biomesoplenty:high_grass_plant":33,"minecraft:tall_grass":2,"biomesoplenty:sprout":3,"minecraft:moss_block":1,"minecraft:oak_planks":3,"minecraft:wall_torch":1,"minecraft:hay_block":11,"biomesoplenty:orange_autumn_sapling":1,"minecraft:iron_ore":1,"treechop:chopped_log":9,"minecraft:white_wall_banner":1,"minecraft:grass":14,"immersive_weathering:biomesoplenty/orange_autumn_leaf_pile":1,"minecraft:coal_ore":5,"minecraft:oak_log":6,"biomesoplenty:high_grass":26,"minecraft:oak_stairs":1,"minecraft:stone":22,"minecraft:oak_leaves":1},"minecraft:used":{"minecraft:moss_block":1,"minecraft:stone_sword":36,"minecraft:stone_pickaxe":34,"minecraft:torch":2,"minecraft:crafting_table":5,"minecraft:carrot":2,"biomesoplenty:orange_autumn_sapling":1,"minecraft:oak_log":5,"minecraft:wooden_axe":41,"minecraft:apple":2,"minecraft:bread":5,"minecraft:stone_axe":62,"minecraft:dark_oak_boat":1,"alexsmobs:animal_dictionary":1},"minecraft:killed":{"born_in_chaos_v1:door_knight_not_despawn":1,"minecraft:zombie":1},"minecraft:picked_up":{"minecraft:crafting_table":5,"biomesoplenty:orange_autumn_sapling":14,"minecraft:oak_stairs":1,"minecraft:oak_log":38,"minecraft:dirt":1,"minecraft:white_banner":1,"minecraft:apple":2,"minecraft:moss_block":1,"minecraft:oak_planks":3,"minecraft:stick":19,"minecraft:raw_iron":1,"minecraft:oak_fence":1,"minecraft:torch":2,"minecraft:dandelion":1,"minecraft:spruce_sapling":3,"minecraft:spruce_log":18,"minecraft:carrot":1,"minecraft:dark_oak_log":21,"biomesoplenty:maple_sapling":4,"minecraft:rotten_flesh":2,"minecraft:stone_axe":1,"minecraft:hay_block":11,"minecraft:oak_sapling":1,"minecraft:dark_oak_wood":1,"minecraft:coal":5,"minecraft:cobblestone":20},"minecraft:killed_by":{"luminousworld:miner_skeleton":1},"minecraft:custom":{"minecraft:mob_kills":3,"minecraft:interact_with_crafting_table":5,"minecraft:open_barrel":9,"minecraft:damage_dealt_resisted":1015,"minecraft:leave_game":4,"minecraft:time_since_death":18515,"minecraft:sleep_in_bed":1,"minecraft:climb_one_cm":25,"minecraft:time_since_rest":16413,"minecraft:sprint_one_cm":40679,"minecraft:damage_taken":540,"minecraft:walk_one_cm":57414,"minecraft:drop":1,"minecraft:damage_dealt":783,"minecraft:swim_one_cm":7560,"minecraft:fly_one_cm":56291,"minecraft:open_chest":1,"minecraft:deaths":1,"minecraft:crouch_one_cm":1489,"minecraft:play_time":34612,"minecraft:sneak_time":1316,"minecraft:walk_under_water_one_cm":3304,"minecraft:jump":436,"minecraft:walk_on_water_one_cm":9317,"minecraft:total_world_time":34612,"minecraft:fall_one_cm":15050},"minecraft:dropped":{"minecraft:stone_axe":1},"minecraft:crafted":{"minecraft:dark_oak_boat":1,"minecraft:crafting_table":1,"minecraft:wooden_pickaxe":1,"minecraft:stone_axe":1,"minecraft:bread":12,"minecraft:stick":4,"minecraft:wooden_axe":1,"minecraft:stone_sword":1,"minecraft:dark_oak_planks":28,"minecraft:torch":4,"minecraft:wheat":99}},"DataVersion":3465}